weather,hour,dayofweek,quarter,month,year,dayofyear,dayofmonth,weekofyear,lag1,lag2,lag3,isFuture,pred
,0,4,4,12,2020,346,11,50,1.0,1.0,3.0,True,1.9961263
,0,5,4,12,2020,347,12,50,1.0,1.0,1.0,True,1.9961263
,0,6,4,12,2020,348,13,50,1.0,1.0,1.0,True,1.9674113
,0,0,4,12,2020,349,14,51,1.0,1.0,1.0,True,1.990464
,0,1,4,12,2020,350,15,51,1.0,1.0,1.0,True,1.9666657
,0,2,4,12,2020,351,16,51,1.0,5.0,1.0,True,2.1553283
,0,3,4,12,2020,352,17,51,1.0,5.0,1.0,True,2.1553283
,0,4,4,12,2020,353,18,51,1.0,1.0,1.0,True,1.9666657
,0,5,4,12,2020,354,19,51,1.0,1.0,1.0,True,1.9666657
,0,6,4,12,2020,355,20,51,4.0,1.0,1.0,True,2.307403
,0,0,4,12,2020,356,21,52,4.0,1.0,1.0,True,2.3333378
,0,1,4,12,2020,357,22,52,4.0,1.0,1.0,True,2.3154097
,0,2,4,12,2020,358,23,52,4.0,5.0,1.0,True,2.3439274
,0,3,4,12,2020,359,24,52,1.0,5.0,1.0,True,2.4679492
,0,4,4,12,2020,360,25,52,1.0,5.0,1.0,True,2.4679492
,0,5,4,12,2020,361,26,52,1.0,2.0,1.0,True,2.4448245
,0,6,4,12,2020,362,27,52,1.0,5.0,1.0,True,2.4574316
,0,0,4,12,2020,363,28,53,4.0,1.0,2.0,True,2.3392081
,0,1,4,12,2020,364,29,53,2.0,2.0,1.0,True,1.4603109
,0,2,4,12,2020,365,30,53,3.0,5.0,1.0,True,1.483435
,0,3,4,12,2020,366,31,53,2.0,1.0,1.0,True,1.452036
,0,4,1,1,2021,1,1,53,1.0,1.0,1.0,True,2.0742428
,0,5,1,1,2021,2,2,53,1.0,1.0,4.0,True,1.8024648
,0,6,1,1,2021,3,3,53,4.0,1.0,4.0,True,2.0788493
,0,0,1,1,2021,4,4,1,4.0,4.0,4.0,True,1.9161316
,0,1,1,1,2021,5,5,1,4.0,4.0,4.0,True,1.9596881
,0,2,1,1,2021,6,6,1,4.0,4.0,4.0,True,3.2724314
,0,3,1,1,2021,7,7,1,4.0,4.0,1.0,True,3.5693521
,0,4,1,1,2021,8,8,1,4.0,4.0,1.0,True,3.5693521
,0,5,1,1,2021,9,9,1,1.0,4.0,1.0,True,3.3373678
,0,6,1,1,2021,10,10,1,,5.0,1.0,True,3.0173807
,0,0,1,1,2021,11,11,2,1.0,1.0,1.0,True,2.3568234
,0,1,1,1,2021,12,12,2,5.0,1.0,1.0,True,2.2285066
,0,2,1,1,2021,13,13,2,5.0,1.0,1.0,True,2.2814345
,0,3,1,1,2021,14,14,2,2.0,1.0,1.0,True,2.5115056
,0,4,1,1,2021,15,15,2,5.0,1.0,1.0,True,2.2814345
,0,5,1,1,2021,16,16,2,2.0,1.0,1.0,True,2.4567604
,0,6,1,1,2021,17,17,2,3.0,1.0,1.0,True,2.4575062
,0,0,1,1,2021,18,18,3,1.0,1.0,1.0,True,2.2877076
,0,1,1,1,2021,19,19,3,1.0,3.0,4.0,True,2.1591544
,0,2,1,1,2021,20,20,3,1.0,5.0,5.0,True,1.9372122
,0,3,1,1,2021,21,21,3,1.0,5.0,1.0,True,2.434349
,0,4,1,1,2021,22,22,3,1.0,5.0,1.0,True,2.434349
,0,5,1,1,2021,23,23,3,1.0,5.0,1.0,True,2.5504768
,0,6,1,1,2021,24,24,3,1.0,5.0,2.0,True,2.5458295
,0,0,1,1,2021,25,25,4,1.0,5.0,1.0,True,2.5564642
,0,1,1,1,2021,26,26,4,3.0,5.0,1.0,True,2.5461626
,0,2,1,1,2021,27,27,4,2.0,1.0,1.0,True,2.5728881
,0,3,1,1,2021,28,28,4,5.0,5.0,2.0,True,2.113911
,0,4,1,1,2021,29,29,4,5.0,2.0,4.0,True,2.4709742
,0,5,1,1,2021,30,30,4,3.0,2.0,1.0,True,2.5782812
,0,6,1,1,2021,31,31,4,1.0,1.0,1.0,True,2.3985937
,0,0,1,2,2021,32,1,5,1.0,1.0,1.0,True,2.3679867
,0,1,1,2,2021,33,2,5,1.0,1.0,4.0,True,1.991152
,0,2,1,2,2021,34,3,5,4.0,1.0,4.0,True,2.7389905
,0,3,1,2,2021,35,4,5,4.0,4.0,4.0,True,2.6850514
,0,4,1,2,2021,36,5,5,4.0,4.0,4.0,True,2.6850514
,0,5,1,2,2021,37,6,5,4.0,4.0,4.0,True,2.6642504
,0,6,1,2,2021,38,7,5,4.0,4.0,1.0,True,3.1133595
,0,0,1,2,2021,39,8,6,4.0,4.0,1.0,True,3.1626062
,0,1,1,2,2021,40,9,6,1.0,1.0,1.0,True,2.5041142
,0,2,1,2,2021,41,10,6,,1.0,1.0,True,2.5979881
,0,3,1,2,2021,42,11,6,1.0,1.0,1.0,True,1.8184727
,0,4,1,2,2021,43,12,6,1.0,1.0,1.0,True,1.8184727
,0,5,1,2,2021,44,13,6,1.0,5.0,1.0,True,1.9406977
,0,6,1,2,2021,45,14,6,1.0,5.0,4.0,True,1.5866232
,0,0,1,2,2021,46,15,7,1.0,5.0,1.0,True,1.9644959
,0,1,1,2,2021,47,16,7,1.0,1.0,4.0,True,1.6345506
,0,2,1,2,2021,48,17,7,1.0,1.0,1.0,True,1.7880687
,0,3,1,2,2021,49,18,7,1.0,1.0,1.0,True,1.7880687
,0,4,1,2,2021,50,19,7,1.0,1.0,1.0,True,1.7406646
,0,5,1,2,2021,51,20,7,1.0,1.0,1.0,True,1.7406646
,0,6,1,2,2021,52,21,7,1.0,1.0,1.0,True,1.7474225
,0,0,1,2,2021,53,22,8,1.0,1.0,1.0,True,1.7644628
,0,1,1,2,2021,54,23,8,1.0,1.0,1.0,True,1.7406646
,0,2,1,2,2021,55,24,8,1.0,1.0,1.0,True,1.7406646
,0,3,1,2,2021,56,25,8,1.0,1.0,3.0,True,1.7406646
,0,4,1,2,2021,57,26,8,4.0,2.0,1.0,True,2.7113929
,0,5,1,2,2021,58,27,8,1.0,1.0,1.0,True,1.7406646
,0,6,1,2,2021,59,28,8,4.0,1.0,1.0,True,2.821801
,0,0,1,3,2021,60,1,9,3.0,1.0,1.0,True,2.0753584
,0,1,1,3,2021,61,2,9,1.0,1.0,4.0,True,1.6389284
,0,2,1,3,2021,62,3,9,1.0,1.0,4.0,True,1.6389284
,0,3,1,3,2021,63,4,9,4.0,4.0,4.0,True,2.6348414
,0,4,1,3,2021,64,5,9,4.0,4.0,4.0,True,2.6348414
,0,5,1,3,2021,65,6,9,4.0,4.0,4.0,True,2.6140404
,0,6,1,3,2021,66,7,9,4.0,4.0,1.0,True,3.0080316
,0,0,1,3,2021,67,8,10,4.0,4.0,1.0,True,3.0572784
,0,1,1,3,2021,68,9,10,4.0,1.0,4.0,True,2.8879192
,0,2,1,3,2021,69,10,10,1.0,1.0,1.0,True,2.0756588
,0,3,1,3,2021,70,11,10,,1.0,4.0,True,2.0320387
,0,4,1,3,2021,71,12,10,1.0,1.0,4.0,True,1.5722125
,0,5,1,3,2021,72,13,10,1.0,1.0,1.0,True,1.8098042
,0,6,1,3,2021,73,14,10,1.0,4.0,4.0,True,1.5182728
,0,0,1,3,2021,74,15,11,4.0,1.0,1.0,True,2.7989373
,0,1,1,3,2021,75,16,11,4.0,1.0,1.0,True,2.7751389
,0,2,1,3,2021,76,17,11,1.0,1.0,1.0,True,1.8098042
,0,3,1,3,2021,77,18,11,1.0,1.0,1.0,True,1.8098042
,0,4,1,3,2021,78,19,11,1.0,1.0,1.0,True,1.8098042
,0,5,1,3,2021,79,20,11,1.0,1.0,1.0,True,1.8098042
,0,6,1,3,2021,80,21,11,1.0,1.0,1.0,True,1.8105497
,0,0,1,3,2021,81,22,12,1.0,1.0,1.0,True,1.8336024
,0,1,1,3,2021,82,23,12,1.0,1.0,1.0,True,1.8098042
,0,2,1,3,2021,83,24,12,4.0,1.0,1.0,True,2.7751389
,0,3,1,3,2021,84,25,12,4.0,1.0,1.0,True,2.7751389
,0,4,1,3,2021,85,26,12,4.0,1.0,1.0,True,2.7861583
,0,5,1,3,2021,86,27,12,1.0,1.0,1.0,True,1.8299274
,0,6,1,3,2021,87,28,12,1.0,1.0,1.0,True,1.830673
,0,0,1,3,2021,88,29,13,4.0,1.0,1.0,True,2.8099568
,0,1,1,3,2021,89,30,13,1.0,1.0,1.0,True,1.8299274
,0,2,1,3,2021,90,31,13,3.0,1.0,1.0,True,1.9958639
,0,3,2,4,2021,91,1,13,3.0,1.0,1.0,True,1.9958639
,0,4,2,4,2021,92,2,13,1.0,1.0,4.0,True,1.5908451
,0,5,2,4,2021,93,3,13,1.0,1.0,4.0,True,1.5908451
,0,6,2,4,2021,94,4,13,1.0,4.0,4.0,True,1.5369054
,0,0,2,4,2021,95,5,14,4.0,4.0,4.0,True,2.5681424
,0,1,2,4,2021,96,6,14,4.0,4.0,4.0,True,2.9719572
,0,2,2,4,2021,97,7,14,4.0,4.0,4.0,True,2.9719572
,0,3,2,4,2021,98,8,14,4.0,4.0,1.0,True,3.1824765
,0,4,2,4,2021,99,9,14,4.0,1.0,1.0,True,3.1899915
,0,5,2,4,2021,100,10,14,1.0,4.0,1.0,True,2.395918
,0,6,2,4,2021,101,11,14,,4.0,1.0,True,2.2550657
,0,0,2,4,2021,102,12,15,4.0,4.0,1.0,True,2.9182982
,0,1,2,4,2021,103,13,15,1.0,4.0,1.0,True,2.1079407
,0,2,2,4,2021,104,14,15,1.0,1.0,1.0,True,1.9553123
,0,3,2,4,2021,105,15,15,4.0,1.0,1.0,True,2.8413076
,0,4,2,4,2021,106,16,15,4.0,1.0,1.0,True,2.8413076
,0,5,2,4,2021,107,17,15,4.0,1.0,1.0,True,2.8205066
,0,6,2,4,2021,108,18,15,4.0,1.0,1.0,True,2.8212523
,0,0,2,4,2021,109,19,16,4.0,1.0,1.0,True,2.865106
,0,1,2,4,2021,110,20,16,1.0,1.0,1.0,True,1.9553123
,0,2,2,4,2021,111,21,16,1.0,1.0,1.0,True,1.9553123
,0,3,2,4,2021,112,22,16,1.0,1.0,1.0,True,1.8932391
,0,4,2,4,2021,113,23,16,1.0,1.0,1.0,True,1.8932391
,0,5,2,4,2021,114,24,16,1.0,4.0,1.0,True,2.045868
,0,6,2,4,2021,115,25,16,1.0,4.0,1.0,True,2.0412207
,0,0,2,4,2021,116,26,17,1.0,1.0,1.0,True,1.9170374
,0,1,2,4,2021,117,27,17,1.0,1.0,1.0,True,1.8932391
,0,2,2,4,2021,118,28,17,4.0,2.0,1.0,True,2.784628
,0,3,2,4,2021,119,29,17,4.0,1.0,1.0,True,2.779235
,0,4,2,4,2021,120,30,17,2.0,1.0,1.0,True,2.0496464
,0,5,2,5,2021,121,1,17,2.0,1.0,1.0,True,2.0496464
,0,6,2,5,2021,122,2,17,1.0,1.0,4.0,True,1.6851821
,0,0,2,5,2021,123,3,18,1.0,1.0,4.0,True,1.6776049
,0,1,2,5,2021,124,4,18,4.0,4.0,4.0,True,2.542679
,0,2,2,5,2021,125,5,18,4.0,4.0,4.0,True,2.542679
,0,3,2,5,2021,126,6,18,4.0,4.0,4.0,True,2.9716015
,0,4,2,5,2021,127,7,18,4.0,4.0,4.0,True,3.2440329
,0,5,2,5,2021,128,8,18,4.0,4.0,1.0,True,3.2474074
,0,6,2,5,2021,129,9,18,4.0,4.0,1.0,True,3.2427602
,0,0,2,5,2021,130,10,19,1.0,1.0,1.0,True,2.3242357
,0,1,2,5,2021,131,11,19,,1.0,1.0,True,2.2094789
,0,2,2,5,2021,132,12,19,1.0,1.0,1.0,True,2.1156054
,0,3,2,5,2021,133,13,19,4.0,1.0,4.0,True,2.9988744
,0,4,2,5,2021,134,14,19,4.0,1.0,4.0,True,2.9988744
,0,5,2,5,2021,135,15,19,4.0,1.0,1.0,True,2.980988
,0,6,2,5,2021,136,16,19,1.0,1.0,1.0,True,2.0541172
,0,0,2,5,2021,137,17,20,1.0,1.0,1.0,True,2.0771694
,0,1,2,5,2021,138,18,20,1.0,1.0,1.0,True,1.3589047
,0,2,2,5,2021,139,19,20,1.0,1.0,1.0,True,1.3589047
,0,3,2,5,2021,140,20,20,1.0,1.0,1.0,True,1.3589047
,0,4,2,5,2021,141,21,20,1.0,1.0,1.0,True,1.3589047
,0,5,2,5,2021,142,22,20,1.0,1.0,4.0,True,1.766966
,0,6,2,5,2021,143,23,20,1.0,1.0,4.0,True,1.766966
,0,0,2,5,2021,144,24,21,1.0,1.0,4.0,True,1.7593888
,0,1,2,5,2021,145,25,21,1.0,1.0,4.0,True,1.766966
,0,2,2,5,2021,146,26,21,1.0,1.0,4.0,True,1.766966
,0,3,2,5,2021,147,27,21,1.0,1.0,4.0,True,1.766966
,0,4,2,5,2021,148,28,21,1.0,1.0,2.0,True,1.3589047
,0,5,2,5,2021,149,29,21,1.0,2.0,4.0,True,1.8315464
,0,6,2,5,2021,150,30,21,4.0,5.0,1.0,True,2.1790435
,0,0,2,5,2021,151,31,22,1.0,1.0,1.0,True,1.4687282
,0,1,2,6,2021,152,1,22,5.0,1.0,1.0,True,2.0038369
,0,2,2,6,2021,153,2,22,1.0,1.0,4.0,True,2.5479794
,0,3,2,6,2021,154,3,22,1.0,4.0,4.0,True,2.4216156
,0,4,2,6,2021,155,4,22,4.0,4.0,4.0,True,2.705396
,0,5,2,6,2021,156,5,22,4.0,4.0,1.0,True,2.9328356
,0,6,2,6,2021,157,6,22,4.0,4.0,4.0,True,2.7148428
,0,0,2,6,2021,158,7,23,4.0,4.0,4.0,True,3.4742522
,0,1,2,6,2021,159,8,23,4.0,1.0,4.0,True,3.5168521
,0,2,2,6,2021,160,9,23,1.0,4.0,4.0,True,2.9146702
,0,3,2,6,2021,161,10,23,1.0,4.0,4.0,True,2.9146702
,0,4,2,6,2021,162,11,23,,4.0,4.0,True,2.9166255
,0,5,2,6,2021,163,12,23,4.0,4.0,4.0,True,3.5064025
,0,6,2,6,2021,164,13,23,4.0,4.0,4.0,True,3.5064025
,0,0,2,6,2021,165,14,24,4.0,4.0,4.0,True,3.6887653
,0,1,2,6,2021,166,15,24,4.0,4.0,4.0,True,3.688747
,0,2,2,6,2021,167,16,24,4.0,4.0,4.0,True,3.688747
,0,3,2,6,2021,168,17,24,4.0,4.0,4.0,True,3.688747
,0,4,2,6,2021,169,18,24,4.0,1.0,4.0,True,3.7313652
,0,5,2,6,2021,170,19,24,4.0,4.0,4.0,True,3.688747
,0,6,2,6,2021,171,20,24,4.0,4.0,4.0,True,3.688747
,0,0,2,6,2021,172,21,25,4.0,4.0,4.0,True,3.6887653
,0,1,2,6,2021,173,22,25,4.0,4.0,4.0,True,3.688747
,0,2,2,6,2021,174,23,25,4.0,4.0,4.0,True,3.688747
,0,3,2,6,2021,175,24,25,4.0,4.0,4.0,True,3.688747
,0,4,2,6,2021,176,25,25,4.0,4.0,4.0,True,3.688747
,0,5,2,6,2021,177,26,25,4.0,4.0,4.0,True,3.688747
,0,6,2,6,2021,178,27,25,4.0,4.0,5.0,True,3.688747
,0,0,2,6,2021,179,28,26,4.0,5.0,4.0,True,3.6695547
,0,1,2,6,2021,180,29,26,4.0,4.0,4.0,True,3.688747
,0,2,2,6,2021,181,30,26,1.0,1.0,1.0,True,3.2190444
,0,3,3,7,2021,182,1,26,5.0,1.0,1.0,True,3.6696696
,0,4,3,7,2021,183,2,26,1.0,1.0,4.0,True,2.7854006
,0,5,3,7,2021,184,3,26,1.0,4.0,4.0,True,2.7427824
,0,6,3,7,2021,185,4,26,1.0,4.0,4.0,True,2.7427824
,0,0,3,7,2021,186,5,27,4.0,4.0,4.0,True,3.4612174
,0,1,3,7,2021,187,6,27,4.0,4.0,1.0,True,3.867547
,0,2,3,7,2021,188,7,27,4.0,4.0,1.0,True,3.867547
,0,3,3,7,2021,189,8,27,4.0,4.0,1.0,True,3.867547
,0,4,3,7,2021,190,9,27,4.0,1.0,4.0,True,3.6347315
,0,5,3,7,2021,191,10,27,1.0,4.0,4.0,True,2.9405785
,0,6,3,7,2021,192,11,27,,4.0,4.0,True,3.0023363
,0,0,3,7,2021,193,12,28,4.0,4.0,4.0,True,3.5921316
,0,1,3,7,2021,194,13,28,4.0,4.0,4.0,True,3.5921133
,0,2,3,7,2021,195,14,28,4.0,4.0,4.0,True,3.5921133
,0,3,3,7,2021,196,15,28,4.0,4.0,4.0,True,3.6237183
,0,4,3,7,2021,197,16,28,4.0,4.0,4.0,True,3.6237183
,0,5,3,7,2021,198,17,28,4.0,4.0,4.0,True,3.6237183
,0,6,3,7,2021,199,18,28,4.0,4.0,4.0,True,3.6237183
,0,0,3,7,2021,200,19,29,4.0,4.0,4.0,True,3.6237366
,0,1,3,7,2021,201,20,29,4.0,4.0,4.0,True,3.6237183
,0,2,3,7,2021,202,21,29,4.0,4.0,4.0,True,3.6237183
,0,3,3,7,2021,203,22,29,4.0,4.0,4.0,True,3.6237183
,0,4,3,7,2021,204,23,29,4.0,4.0,4.0,True,3.6237183
,0,5,3,7,2021,205,24,29,4.0,4.0,4.0,True,3.6237183
,0,6,3,7,2021,206,25,29,4.0,4.0,1.0,True,3.8945048
,0,0,3,7,2021,207,26,30,4.0,4.0,4.0,True,3.6237366
,0,1,3,7,2021,208,27,30,4.0,4.0,4.0,True,3.6237183
,0,2,3,7,2021,209,28,30,4.0,4.0,3.0,True,3.899152
,0,3,3,7,2021,210,29,30,4.0,5.0,4.0,True,3.6045077
,0,4,3,7,2021,211,30,30,4.0,5.0,1.0,True,3.8799415
,0,5,3,7,2021,212,31,30,1.0,1.0,1.0,True,3.2805748
,0,6,3,8,2021,213,1,30,5.0,1.0,1.0,True,3.6650639
,0,0,3,8,2021,214,2,31,1.0,1.0,4.0,True,2.791271
,0,1,3,8,2021,215,3,31,1.0,4.0,4.0,True,2.7562294
,0,2,3,8,2021,216,4,31,1.0,4.0,4.0,True,2.7562294
,0,3,3,8,2021,217,5,31,4.0,4.0,4.0,True,3.4660854
,0,4,3,8,2021,218,6,31,4.0,4.0,4.0,True,3.4660854
,0,5,3,8,2021,219,7,31,4.0,4.0,1.0,True,3.849096
,0,6,3,8,2021,220,8,31,4.0,4.0,1.0,True,3.8444488
,0,0,3,8,2021,221,9,32,4.0,1.0,4.0,True,3.6087039
,0,1,3,8,2021,222,10,32,1.0,4.0,4.0,True,2.8638062
,0,2,3,8,2021,223,11,32,,4.0,4.0,True,2.925564
,0,3,3,8,2021,224,12,32,4.0,4.0,4.0,True,3.5736623
,0,4,3,8,2021,225,13,32,4.0,4.0,4.0,True,3.5736623
,0,5,3,8,2021,226,14,32,4.0,4.0,4.0,True,3.6797736
,0,6,3,8,2021,227,15,32,4.0,4.0,4.0,True,3.6797736
,0,0,3,8,2021,228,16,33,4.0,4.0,4.0,True,3.679792
,0,1,3,8,2021,229,17,33,4.0,4.0,4.0,True,3.6797736
,0,2,3,8,2021,230,18,33,4.0,4.0,4.0,True,3.6797736
,0,3,3,8,2021,231,19,33,4.0,4.0,4.0,True,3.6797736
,0,4,3,8,2021,232,20,33,4.0,4.0,4.0,True,3.6797736
,0,5,3,8,2021,233,21,33,4.0,4.0,4.0,True,3.6797736
,0,6,3,8,2021,234,22,33,4.0,4.0,4.0,True,3.6797736
,0,0,3,8,2021,235,23,34,4.0,4.0,4.0,True,3.679792
,0,1,3,8,2021,236,24,34,4.0,4.0,4.0,True,3.6797736
,0,2,3,8,2021,237,25,34,4.0,4.0,4.0,True,3.6797736
,0,3,3,8,2021,238,26,34,4.0,4.0,4.0,True,3.6797736
,0,4,3,8,2021,239,27,34,4.0,4.0,4.0,True,3.6797736
,0,5,3,8,2021,240,28,34,4.0,4.0,1.0,True,3.8981776
,0,6,3,8,2021,241,29,34,4.0,2.0,1.0,True,3.9064384
,0,0,3,8,2021,242,30,35,4.0,5.0,1.0,True,3.9027655
,0,1,3,8,2021,243,31,35,2.0,1.0,1.0,True,3.5245605
,0,2,3,9,2021,244,1,35,1.0,1.0,1.0,True,2.9726002
,0,3,3,9,2021,245,2,35,1.0,1.0,4.0,True,2.5229049
,0,4,3,9,2021,246,3,35,1.0,4.0,4.0,True,2.4802866
,0,5,3,9,2021,247,4,35,1.0,4.0,4.0,True,2.4802866
,0,6,3,9,2021,248,5,35,4.0,4.0,1.0,True,3.5830395
,0,0,3,9,2021,249,6,36,4.0,4.0,1.0,True,3.786366
,0,1,3,9,2021,250,7,36,4.0,4.0,1.0,True,3.7625675
,0,2,3,9,2021,251,8,36,4.0,4.0,1.0,True,3.7625675
,0,3,3,9,2021,252,9,36,4.0,1.0,4.0,True,3.5079305
,0,4,3,9,2021,253,10,36,1.0,4.0,4.0,True,2.8408818
,0,5,3,9,2021,254,11,36,,4.0,4.0,True,2.879026
,0,6,3,9,2021,255,12,36,4.0,4.0,4.0,True,3.4653122
,0,0,3,9,2021,256,13,37,4.0,4.0,1.0,True,3.786366
,0,1,3,9,2021,257,14,37,4.0,4.0,4.0,True,3.48942
,0,2,3,9,2021,258,15,37,4.0,4.0,4.0,True,3.48942
,0,3,3,9,2021,259,16,37,4.0,4.0,4.0,True,3.48942
,0,4,3,9,2021,260,17,37,4.0,4.0,4.0,True,3.48942
,0,5,3,9,2021,261,18,37,4.0,4.0,4.0,True,3.48942
,0,6,3,9,2021,262,19,37,4.0,4.0,1.0,True,3.7579203
,0,0,3,9,2021,263,20,38,4.0,4.0,1.0,True,3.786366
,0,1,3,9,2021,264,21,38,4.0,4.0,1.0,True,3.7625675
,0,2,3,9,2021,265,22,38,4.0,4.0,4.0,True,3.48942
,0,3,3,9,2021,266,23,38,4.0,4.0,4.0,True,3.48942
,0,4,3,9,2021,267,24,38,4.0,4.0,4.0,True,3.48942
,0,5,3,9,2021,268,25,38,4.0,4.0,4.0,True,3.48942
,0,6,3,9,2021,269,26,38,4.0,4.0,4.0,True,3.48942
,0,0,3,9,2021,270,27,39,4.0,4.0,1.0,True,3.786366
,0,1,3,9,2021,271,28,39,4.0,2.0,1.0,True,3.7754755
,0,2,3,9,2021,272,29,39,1.0,2.0,4.0,True,2.9076078
,0,3,3,9,2021,273,30,39,1.0,1.0,1.0,True,3.1710947
,0,4,4,10,2021,274,1,39,1.0,1.0,1.0,True,2.7929196
,0,5,4,10,2021,275,2,39,1.0,1.0,4.0,True,2.0628464
,0,6,4,10,2021,276,3,39,1.0,4.0,4.0,True,2.0274458
,0,0,4,10,2021,277,4,40,1.0,4.0,4.0,True,2.0274642
,0,1,4,10,2021,278,5,40,4.0,4.0,1.0,True,3.102101
,0,2,4,10,2021,279,6,40,4.0,4.0,1.0,True,3.3140604
,0,3,4,10,2021,280,7,40,4.0,4.0,1.0,True,3.3140604
,0,4,4,10,2021,281,8,40,4.0,1.0,1.0,True,3.3215754
,0,5,4,10,2021,282,9,40,4.0,4.0,1.0,True,3.3140604
,0,6,4,10,2021,283,10,40,1.0,4.0,1.0,True,2.9409008
,0,0,4,10,2021,284,11,41,,4.0,1.0,True,2.8742886
,0,1,4,10,2021,285,12,41,4.0,1.0,4.0,True,2.5526717
,0,2,4,10,2021,286,13,41,4.0,1.0,4.0,True,2.5526717
,0,3,4,10,2021,287,14,41,4.0,1.0,4.0,True,2.5526717
,0,4,4,10,2021,288,15,41,4.0,4.0,4.0,True,2.517271
,0,5,4,10,2021,289,16,41,4.0,4.0,4.0,True,2.7315836
,0,6,4,10,2021,290,17,41,1.0,4.0,4.0,True,2.3727398
,0,0,4,10,2021,291,18,42,4.0,4.0,4.0,True,2.770234
,0,1,4,10,2021,292,19,42,4.0,4.0,1.0,True,3.1895654
,0,2,4,10,2021,293,20,42,4.0,4.0,1.0,True,3.1895654
,0,3,4,10,2021,294,21,42,4.0,4.0,1.0,True,3.1895654
,0,4,4,10,2021,295,22,42,4.0,4.0,4.0,True,2.7702157
,0,5,4,10,2021,296,23,42,4.0,4.0,1.0,True,3.1895654
,0,6,4,10,2021,297,24,42,4.0,4.0,1.0,True,3.1849182
,0,0,4,10,2021,298,25,43,1.0,4.0,1.0,True,2.8761222
,0,1,4,10,2021,299,26,43,1.0,4.0,1.0,True,2.8523238
,0,2,4,10,2021,300,27,43,1.0,4.0,1.0,True,2.6413808
,0,3,4,10,2021,301,28,43,1.0,4.0,1.0,True,2.6413808
,0,4,4,10,2021,302,29,43,1.0,5.0,4.0,True,1.9560008
,0,5,4,10,2021,303,30,43,1.0,1.0,1.0,True,2.456625
,0,6,4,10,2021,304,31,43,1.0,1.0,1.0,True,2.4573708
,0,0,4,11,2021,305,1,44,1.0,4.0,1.0,True,2.6651793
,0,1,4,11,2021,306,2,44,1.0,1.0,4.0,True,2.0536168
,0,2,4,11,2021,307,3,44,1.0,4.0,4.0,True,2.0182161
,0,3,4,11,2021,308,4,44,4.0,4.0,4.0,True,2.5410435
,0,4,4,11,2021,309,5,44,4.0,4.0,1.0,True,2.9786224
,0,5,4,11,2021,310,6,44,4.0,4.0,1.0,True,3.56066
,0,6,4,11,2021,311,7,44,4.0,4.0,1.0,True,3.5560126
,0,0,4,11,2021,312,8,45,4.0,4.0,1.0,True,3.6253872
,0,1,4,11,2021,313,9,45,4.0,4.0,1.0,True,3.5611606
,0,2,4,11,2021,314,10,45,1.0,1.0,1.0,True,2.8521972
,0,3,4,11,2021,315,11,45,,1.0,1.0,True,2.654482
,0,4,4,11,2021,316,12,45,1.0,1.0,1.0,True,1.973751
,0,5,4,11,2021,317,13,45,1.0,1.0,1.0,True,1.6180854
,0,6,4,11,2021,318,14,45,1.0,1.0,1.0,True,1.6188309
,0,0,4,11,2021,319,15,46,,1.0,1.0,True,1.497467
,0,1,4,11,2021,320,16,46,,1.0,4.0,True,1.4250377
,0,2,4,11,2021,321,17,46,,1.0,1.0,True,1.4612995
,0,3,4,11,2021,322,18,46,,1.0,1.0,True,1.4612995
,0,4,4,11,2021,323,19,46,,1.0,1.0,True,1.4612995
,0,5,4,11,2021,324,20,46,,1.0,1.0,True,1.4612995
,0,6,4,11,2021,325,21,46,,1.0,1.0,True,1.4620451
,0,0,4,11,2021,326,22,47,,1.0,1.0,True,1.497467
,0,1,4,11,2021,327,23,47,,1.0,1.0,True,1.4736688
,0,2,4,11,2021,328,24,47,,1.0,1.0,True,1.4612995
,0,3,4,11,2021,329,25,47,,1.0,1.0,True,1.4612995
,0,4,4,11,2021,330,26,47,,1.0,1.0,True,1.4612995
,0,5,4,11,2021,331,27,47,,4.0,1.0,True,1.5438075
,0,6,4,11,2021,332,28,47,,5.0,5.0,True,1.2821597
,0,0,4,11,2021,333,29,48,,1.0,1.0,True,1.497467
,0,1,4,11,2021,334,30,48,1.0,1.0,1.0,True,1.8227994
,0,2,4,12,2021,335,1,48,1.0,4.0,1.0,True,2.2830005
,0,3,4,12,2021,336,2,48,4.0,1.0,4.0,True,2.7714682
,0,4,4,12,2021,337,3,48,4.0,4.0,4.0,True,2.7654598
,0,5,4,12,2021,338,4,48,1.0,4.0,4.0,True,1.97319
,0,6,4,12,2021,339,5,48,4.0,4.0,1.0,True,2.8850389
,0,0,4,12,2021,340,6,49,4.0,4.0,1.0,True,3.2511835
,0,1,4,12,2021,341,7,49,4.0,4.0,1.0,True,3.3424351
,0,2,4,12,2021,342,8,49,4.0,4.0,1.0,True,3.3424351
,0,3,4,12,2021,343,9,49,4.0,4.0,1.0,True,3.3424351
,0,4,4,12,2021,344,10,49,,1.0,1.0,True,2.2497654
,0,5,4,12,2021,345,11,49,,1.0,1.0,True,2.0941422
,0,6,4,12,2021,346,12,49,,1.0,1.0,True,1.6404871
,0,0,4,12,2021,347,13,50,,1.0,1.0,True,1.6664219
,0,1,4,12,2021,348,14,50,,1.0,1.0,True,1.6131631
,0,2,4,12,2021,349,15,50,,1.0,5.0,True,1.6518848
,0,3,4,12,2021,350,16,50,,1.0,5.0,True,1.6490027
,0,4,4,12,2021,351,17,50,,1.0,1.0,True,1.610281
,0,5,4,12,2021,352,18,50,,1.0,1.0,True,1.610281
,0,6,4,12,2021,353,19,50,,4.0,1.0,True,1.6341506
,0,0,4,12,2021,354,20,51,,4.0,1.0,True,1.6654782
,0,1,4,12,2021,355,21,51,,4.0,1.0,True,1.64168
,0,2,4,12,2021,356,22,51,,4.0,5.0,True,1.4673849
,0,3,4,12,2021,357,23,51,,1.0,5.0,True,1.6490027
,0,4,4,12,2021,358,24,51,,1.0,5.0,True,1.6490027
,0,5,4,12,2021,359,25,51,,1.0,2.0,True,1.6161513
,0,6,4,12,2021,360,26,51,,1.0,5.0,True,1.6490027
,0,0,4,12,2021,361,27,52,,4.0,1.0,True,1.6713486
,0,1,4,12,2021,362,28,52,,2.0,2.0,True,1.6244262
,0,2,4,12,2021,363,29,52,,3.0,5.0,True,1.8492811
,0,3,4,12,2021,364,30,52,,2.0,1.0,True,1.6215441
,0,4,4,12,2021,365,31,52,,1.0,1.0,True,1.6161513
,0,5,1,1,2022,1,1,52,,1.0,1.0,True,2.1681163
,0,6,1,1,2022,2,2,52,,4.0,1.0,True,2.4588294
,0,0,1,1,2022,3,3,1,,4.0,4.0,True,1.9156753
,0,1,1,1,2022,4,4,1,,4.0,4.0,True,2.0063438
,0,2,1,1,2022,5,5,1,,4.0,4.0,True,2.0063438
,0,3,1,1,2022,6,6,1,,4.0,4.0,True,2.410849
,0,4,1,1,2022,7,7,1,,4.0,4.0,True,2.8300545
,0,5,1,1,2022,8,8,1,,1.0,4.0,True,3.14671
,0,6,1,1,2022,9,9,1,,,5.0,True,3.1852021
,0,0,1,1,2022,10,10,2,,1.0,1.0,True,3.2772665
,0,1,1,1,2022,11,11,2,,5.0,1.0,True,2.3745942
,0,2,1,1,2022,12,12,2,,5.0,1.0,True,2.3745942
,0,3,1,1,2022,13,13,2,,2.0,1.0,True,2.5103643
,0,4,1,1,2022,14,14,2,,5.0,1.0,True,2.4275222
,0,5,1,1,2022,15,15,2,,2.0,1.0,True,2.5103643
,0,6,1,1,2022,16,16,2,,3.0,1.0,True,2.413179
,0,0,1,1,2022,17,17,3,,1.0,1.0,True,2.4488795
,0,1,1,1,2022,18,18,3,,1.0,3.0,True,2.3755941
,0,2,1,1,2022,19,19,3,,1.0,5.0,True,2.185122
,0,3,1,1,2022,20,20,3,,1.0,5.0,True,2.185122
,0,4,1,1,2022,21,21,3,,1.0,5.0,True,2.185122
,0,5,1,1,2022,22,22,3,,1.0,5.0,True,2.185122
,0,6,1,1,2022,23,23,3,,1.0,5.0,True,2.185122
,0,0,1,1,2022,24,24,4,,1.0,5.0,True,2.1339705
,0,1,1,1,2022,25,25,4,,3.0,5.0,True,2.3531256
,0,2,1,1,2022,26,26,4,,2.0,1.0,True,2.497115
,0,3,1,1,2022,27,27,4,,5.0,5.0,True,1.9082444
,0,4,1,1,2022,28,28,4,,5.0,2.0,True,2.4142728
,0,5,1,1,2022,29,29,4,,3.0,2.0,True,2.4593222
,0,6,1,1,2022,30,30,4,,1.0,1.0,True,2.4924676
,0,0,1,1,2022,31,31,5,,1.0,1.0,True,2.4977093
,0,1,1,2,2022,32,1,5,,1.0,1.0,True,2.4558733
,0,2,1,2,2022,33,2,5,,4.0,1.0,True,2.3784242
,0,3,1,2,2022,34,3,5,,4.0,4.0,True,1.9082444
,0,4,1,2,2022,35,4,5,,4.0,4.0,True,1.9082444
,0,5,1,2,2022,36,5,5,,4.0,4.0,True,1.9082444
,0,6,1,2,2022,37,6,5,,4.0,4.0,True,1.9082444
,0,0,1,2,2022,38,7,6,,4.0,4.0,True,2.0341947
,0,1,1,2,2022,39,8,6,,1.0,1.0,True,2.5979881
,0,2,1,2,2022,40,9,6,,,1.0,True,2.6033812
,0,3,1,2,2022,41,10,6,,1.0,1.0,True,2.5979881
,0,4,1,2,2022,42,11,6,,1.0,1.0,True,1.9123465
,0,5,1,2,2022,43,12,6,,1.0,5.0,True,1.8285221
,0,6,1,2,2022,44,13,6,,1.0,5.0,True,1.8345344
,0,0,1,2,2022,45,14,7,,1.0,5.0,True,1.8047614
,0,1,1,2,2022,46,15,7,,1.0,1.0,True,1.8819424
,0,2,1,2,2022,47,16,7,,1.0,1.0,True,1.8819424
,0,3,1,2,2022,48,17,7,,1.0,1.0,True,1.8819424
,0,4,1,2,2022,49,18,7,,1.0,1.0,True,1.8819424
,0,5,1,2,2022,50,19,7,,1.0,1.0,True,1.8345383
,0,6,1,2,2022,51,20,7,,1.0,1.0,True,1.8412962
,0,0,1,2,2022,52,21,8,,1.0,1.0,True,1.8583366
,0,1,1,2,2022,53,22,8,,1.0,1.0,True,1.8345383
,0,2,1,2,2022,54,23,8,,1.0,1.0,True,1.8345383
,0,3,1,2,2022,55,24,8,,1.0,1.0,True,1.8345383
,0,4,1,2,2022,56,25,8,,4.0,2.0,True,1.7570893
,0,5,1,2,2022,57,26,8,,1.0,1.0,True,1.8345383
,0,6,1,2,2022,58,27,8,,4.0,1.0,True,1.7584543
,0,0,1,2,2022,59,28,9,,3.0,1.0,True,2.0623055
,0,1,1,3,2022,60,1,9,,1.0,1.0,True,1.9703939
,0,2,1,3,2022,61,2,9,,1.0,1.0,True,1.9703939
,0,3,1,3,2022,62,3,9,,4.0,4.0,True,1.5560222
,0,4,1,3,2022,63,4,9,,4.0,4.0,True,1.5560222
,0,5,1,3,2022,64,5,9,,4.0,4.0,True,1.5560222
,0,6,1,3,2022,65,6,9,,4.0,4.0,True,1.5560222
,0,0,1,3,2022,66,7,10,,4.0,4.0,True,1.7551794
,0,1,1,3,2022,67,8,10,,4.0,1.0,True,2.092083
,0,2,1,3,2022,68,9,10,,1.0,1.0,True,2.169532
,0,3,1,3,2022,69,10,10,,,1.0,True,2.174925
,0,4,1,3,2022,70,11,10,,1.0,1.0,True,2.169532
,0,5,1,3,2022,71,12,10,,1.0,1.0,True,1.9036779
,0,6,1,3,2022,72,13,10,,1.0,4.0,True,1.766184
,0,0,1,3,2022,73,14,11,,4.0,1.0,True,1.8500271
,0,1,1,3,2022,74,15,11,,4.0,1.0,True,1.8262289
,0,2,1,3,2022,75,16,11,,1.0,1.0,True,1.9036779
,0,3,1,3,2022,76,17,11,,1.0,1.0,True,1.9036779
,0,4,1,3,2022,77,18,11,,1.0,1.0,True,1.9036779
,0,5,1,3,2022,78,19,11,,1.0,1.0,True,1.9036779
,0,6,1,3,2022,79,20,11,,1.0,1.0,True,1.9044235
,0,0,1,3,2022,80,21,12,,1.0,1.0,True,1.9274762
,0,1,1,3,2022,81,22,12,,1.0,1.0,True,1.9036779
,0,2,1,3,2022,82,23,12,,4.0,1.0,True,1.8262289
,0,3,1,3,2022,83,24,12,,4.0,1.0,True,1.8262289
,0,4,1,3,2022,84,25,12,,4.0,1.0,True,1.8262289
,0,5,1,3,2022,85,26,12,,1.0,1.0,True,1.9238012
,0,6,1,3,2022,86,27,12,,1.0,1.0,True,1.9245467
,0,0,1,3,2022,87,28,13,,4.0,1.0,True,1.8701503
,0,1,1,3,2022,88,29,13,,1.0,1.0,True,1.9238012
,0,2,1,3,2022,89,30,13,,3.0,1.0,True,1.9919147
,0,3,1,3,2022,90,31,13,,3.0,1.0,True,1.9919147
,0,4,2,4,2022,91,1,13,,1.0,1.0,True,1.9238012
,0,5,2,4,2022,92,2,13,,1.0,1.0,True,1.93333
,0,6,2,4,2022,93,3,13,,1.0,4.0,True,1.7848166
,0,0,2,4,2022,94,4,14,,4.0,4.0,True,1.5079572
,0,1,2,4,2022,95,5,14,,4.0,4.0,True,1.5079389
,0,2,2,4,2022,96,6,14,,4.0,4.0,True,1.91177
,0,3,2,4,2022,97,7,14,,4.0,4.0,True,1.91177
,0,4,2,4,2022,98,8,14,,4.0,1.0,True,2.259713
,0,5,2,4,2022,99,9,14,,1.0,4.0,True,2.188648
,0,6,2,4,2022,100,10,14,,,4.0,True,2.188648
,0,0,2,4,2022,101,11,15,,4.0,4.0,True,1.9117883
,0,1,2,4,2022,102,12,15,,1.0,4.0,True,1.9006726
,0,2,2,4,2022,103,13,15,,1.0,1.0,True,2.0491853
,0,3,2,4,2022,104,14,15,,4.0,1.0,True,1.9717362
,0,4,2,4,2022,105,15,15,,4.0,1.0,True,1.9717362
,0,5,2,4,2022,106,16,15,,4.0,1.0,True,1.9717362
,0,6,2,4,2022,107,17,15,,4.0,1.0,True,1.9670888
,0,0,2,4,2022,108,18,16,,4.0,1.0,True,1.9955345
,0,1,2,4,2022,109,19,16,,1.0,1.0,True,2.0491853
,0,2,2,4,2022,110,20,16,,1.0,1.0,True,2.0491853
,0,3,2,4,2022,111,21,16,,1.0,1.0,True,2.0491853
,0,4,2,4,2022,112,22,16,,1.0,1.0,True,1.9871129
,0,5,2,4,2022,113,23,16,,1.0,4.0,True,1.8200774
,0,6,2,4,2022,114,24,16,,1.0,4.0,True,1.8200774
,0,0,2,4,2022,115,25,17,,1.0,1.0,True,2.0109112
,0,1,2,4,2022,116,26,17,,1.0,1.0,True,1.9871129
,0,2,2,4,2022,117,27,17,,4.0,2.0,True,1.9096638
,0,3,2,4,2022,118,28,17,,4.0,1.0,True,1.9096638
,0,4,2,4,2022,119,29,17,,2.0,1.0,True,1.9925057
,0,5,2,4,2022,120,30,17,,2.0,1.0,True,1.9925057
,0,6,2,5,2022,121,1,17,,1.0,1.0,True,1.9878584
,0,0,2,5,2022,122,2,18,,1.0,1.0,True,2.0109112
,0,1,2,5,2022,123,3,18,,4.0,4.0,True,1.5431997
,0,2,2,5,2022,124,4,18,,4.0,4.0,True,1.5431997
,0,3,2,5,2022,125,5,18,,4.0,4.0,True,1.5431997
,0,4,2,5,2022,126,6,18,,4.0,4.0,True,1.8828298
,0,5,2,5,2022,127,7,18,,4.0,4.0,True,2.1552625
,0,6,2,5,2022,128,8,18,,4.0,4.0,True,2.1552625
,0,0,2,5,2022,129,9,19,,1.0,1.0,True,2.418109
,0,1,2,5,2022,130,10,19,,,1.0,True,2.3997035
,0,2,2,5,2022,131,11,19,,1.0,1.0,True,2.2094789
,0,3,2,5,2022,132,12,19,,4.0,1.0,True,2.1320298
,0,4,2,5,2022,133,13,19,,4.0,1.0,True,2.069795
,0,5,2,5,2022,134,14,19,,4.0,1.0,True,2.069795
,0,6,2,5,2022,135,15,19,,1.0,1.0,True,2.1479897
,0,0,2,5,2022,136,16,20,,1.0,1.0,True,2.1710424
,0,1,2,5,2022,137,17,20,,1.0,1.0,True,2.147244
,0,2,2,5,2022,138,18,20,,1.0,1.0,True,1.4527785
,0,3,2,5,2022,139,19,20,,1.0,1.0,True,1.4527785
,0,4,2,5,2022,140,20,20,,1.0,1.0,True,1.4527785
,0,5,2,5,2022,141,21,20,,1.0,1.0,True,1.4527785
,0,6,2,5,2022,142,22,20,,1.0,1.0,True,1.453524
,0,0,2,5,2022,143,23,21,,1.0,1.0,True,1.4765767
,0,1,2,5,2022,144,24,21,,1.0,1.0,True,1.4527785
,0,2,2,5,2022,145,25,21,,1.0,1.0,True,1.4527785
,0,3,2,5,2022,146,26,21,,1.0,1.0,True,1.4527785
,0,4,2,5,2022,147,27,21,,1.0,1.0,True,1.4527785
,0,5,2,5,2022,148,28,21,,1.0,2.0,True,1.4527785
,0,6,2,5,2022,149,29,21,,4.0,5.0,True,1.6171396
,0,0,2,5,2022,150,30,22,,1.0,1.0,True,1.5461038
,0,1,2,5,2022,151,31,22,,5.0,1.0,True,1.3798455
,0,2,2,6,2022,152,1,22,,1.0,1.0,True,2.3560228
,0,3,2,6,2022,153,2,22,,1.0,4.0,True,2.6828752
,0,4,2,6,2022,154,3,22,,4.0,4.0,True,2.3335733
,0,5,2,6,2022,155,4,22,,4.0,4.0,True,2.2832203
,0,6,2,6,2022,156,5,22,,4.0,4.0,True,2.3134682
,0,0,2,6,2022,157,6,23,,4.0,4.0,True,2.3134866
,0,1,2,6,2022,158,7,23,,4.0,1.0,True,3.2698057
,0,2,2,6,2022,159,8,23,,1.0,4.0,True,3.1821818
,0,3,2,6,2022,160,9,23,,1.0,4.0,True,3.1821818
,0,4,2,6,2022,161,10,23,,,4.0,True,3.1821818
,0,5,2,6,2022,162,11,23,,4.0,4.0,True,2.9166255
,0,6,2,6,2022,163,12,23,,4.0,4.0,True,2.9166255
,0,0,2,6,2022,164,13,24,,4.0,4.0,True,2.9166439
,0,1,2,6,2022,165,14,24,,4.0,4.0,True,3.09897
,0,2,2,6,2022,166,15,24,,4.0,4.0,True,3.09897
,0,3,2,6,2022,167,16,24,,4.0,4.0,True,3.09897
,0,4,2,6,2022,168,17,24,,4.0,1.0,True,3.45215
,0,5,2,6,2022,169,18,24,,4.0,4.0,True,3.09897
,0,6,2,6,2022,170,19,24,,4.0,4.0,True,3.09897
,0,0,2,6,2022,171,20,25,,4.0,4.0,True,3.0989883
,0,1,2,6,2022,172,21,25,,4.0,4.0,True,3.09897
,0,2,2,6,2022,173,22,25,,4.0,4.0,True,3.09897
,0,3,2,6,2022,174,23,25,,4.0,4.0,True,3.09897
,0,4,2,6,2022,175,24,25,,4.0,4.0,True,3.09897
,0,5,2,6,2022,176,25,25,,4.0,4.0,True,3.09897
,0,6,2,6,2022,177,26,25,,4.0,4.0,True,3.09897
,0,0,2,6,2022,178,27,26,,4.0,5.0,True,3.0989883
,0,1,2,6,2022,179,28,26,,4.0,4.0,True,3.09897
,0,2,2,6,2022,180,29,26,,1.0,1.0,True,3.5295992
,0,3,2,6,2022,181,30,26,,5.0,1.0,True,3.45215
,0,4,3,7,2022,182,1,26,,1.0,1.0,True,3.5295992
,0,5,3,7,2022,183,2,26,,1.0,4.0,True,3.1369784
,0,6,3,7,2022,184,3,26,,1.0,4.0,True,3.1369784
,0,0,3,7,2022,185,4,27,,4.0,4.0,True,2.8714404
,0,1,3,7,2022,186,5,27,,4.0,4.0,True,2.871422
,0,2,3,7,2022,187,6,27,,4.0,4.0,True,3.0023363
,0,3,3,7,2022,188,7,27,,4.0,4.0,True,3.0023363
,0,4,3,7,2022,189,8,27,,4.0,1.0,True,3.4151936
,0,5,3,7,2022,190,9,27,,1.0,4.0,True,3.2678926
,0,6,3,7,2022,191,10,27,,,4.0,True,3.2678926
,0,0,3,7,2022,192,11,28,,4.0,4.0,True,3.0023546
,0,1,3,7,2022,193,12,28,,4.0,4.0,True,3.0023363
,0,2,3,7,2022,194,13,28,,4.0,4.0,True,3.0023363
,0,3,3,7,2022,195,14,28,,4.0,4.0,True,3.0023363
,0,4,3,7,2022,196,15,28,,4.0,4.0,True,3.0339413
,0,5,3,7,2022,197,16,28,,4.0,4.0,True,3.0339413
,0,6,3,7,2022,198,17,28,,4.0,4.0,True,3.0339413
,0,0,3,7,2022,199,18,29,,4.0,4.0,True,3.0339596
,0,1,3,7,2022,200,19,29,,4.0,4.0,True,3.0339413
,0,2,3,7,2022,201,20,29,,4.0,4.0,True,3.0339413
,0,3,3,7,2022,202,21,29,,4.0,4.0,True,3.0339413
,0,4,3,7,2022,203,22,29,,4.0,4.0,True,3.0339413
,0,5,3,7,2022,204,23,29,,4.0,4.0,True,3.0339413
,0,6,3,7,2022,205,24,29,,4.0,4.0,True,3.0339413
,0,0,3,7,2022,206,25,30,,4.0,4.0,True,3.0339596
,0,1,3,7,2022,207,26,30,,4.0,4.0,True,3.0339413
,0,2,3,7,2022,208,27,30,,4.0,4.0,True,3.0339413
,0,3,3,7,2022,209,28,30,,4.0,5.0,True,3.0339413
,0,4,3,7,2022,210,29,30,,4.0,5.0,True,3.0339413
,0,5,3,7,2022,211,30,30,,1.0,1.0,True,3.5242476
,0,6,3,7,2022,212,31,30,,5.0,1.0,True,3.4421513
,0,0,3,8,2022,213,1,31,,1.0,1.0,True,3.548046
,0,1,3,8,2022,214,2,31,,1.0,4.0,True,3.0835435
,0,2,3,8,2022,215,3,31,,1.0,4.0,True,3.0835435
,0,3,3,8,2022,216,4,31,,4.0,4.0,True,2.8179872
,0,4,3,8,2022,217,5,31,,4.0,4.0,True,2.8179872
,0,5,3,8,2022,218,6,31,,4.0,4.0,True,2.8179872
,0,6,3,8,2022,219,7,31,,4.0,4.0,True,2.925564
,0,0,3,8,2022,220,8,32,,4.0,1.0,True,3.3622198
,0,1,3,8,2022,221,9,32,,1.0,4.0,True,3.1911204
,0,2,3,8,2022,222,10,32,,,4.0,True,3.1911204
,0,3,3,8,2022,223,11,32,,4.0,4.0,True,2.925564
,0,4,3,8,2022,224,12,32,,4.0,4.0,True,2.925564
,0,5,3,8,2022,225,13,32,,4.0,4.0,True,2.925564
,0,6,3,8,2022,226,14,32,,4.0,4.0,True,3.0316753
,0,0,3,8,2022,227,15,33,,4.0,4.0,True,3.0316937
,0,1,3,8,2022,228,16,33,,4.0,4.0,True,3.0316753
,0,2,3,8,2022,229,17,33,,4.0,4.0,True,3.0316753
,0,3,3,8,2022,230,18,33,,4.0,4.0,True,3.0316753
,0,4,3,8,2022,231,19,33,,4.0,4.0,True,3.0316753
,0,5,3,8,2022,232,20,33,,4.0,4.0,True,3.0316753
,0,6,3,8,2022,233,21,33,,4.0,4.0,True,3.0316753
,0,0,3,8,2022,234,22,34,,4.0,4.0,True,3.0316937
,0,1,3,8,2022,235,23,34,,4.0,4.0,True,3.0316753
,0,2,3,8,2022,236,24,34,,4.0,4.0,True,3.0316753
,0,3,3,8,2022,237,25,34,,4.0,4.0,True,3.0316753
,0,4,3,8,2022,238,26,34,,4.0,4.0,True,3.0316753
,0,5,3,8,2022,239,27,34,,4.0,4.0,True,3.0316753
,0,6,3,8,2022,240,28,34,,4.0,2.0,True,3.3828557
,0,0,3,8,2022,241,29,35,,4.0,5.0,True,3.0316937
,0,1,3,8,2022,242,30,35,,2.0,1.0,True,3.470345
,0,2,3,8,2022,243,31,35,,1.0,1.0,True,3.464952
,0,3,3,9,2022,244,1,35,,1.0,1.0,True,3.216273
,0,4,3,9,2022,245,2,35,,1.0,4.0,True,2.8076007
,0,5,3,9,2022,246,3,35,,1.0,4.0,True,2.8076007
,0,6,3,9,2022,247,4,35,,4.0,4.0,True,2.5420444
,0,0,3,9,2022,248,5,36,,4.0,4.0,True,2.5420628
,0,1,3,9,2022,249,6,36,,4.0,4.0,True,2.879026
,0,2,3,9,2022,250,7,36,,4.0,4.0,True,2.879026
,0,3,3,9,2022,251,8,36,,4.0,1.0,True,3.3137047
,0,4,3,9,2022,252,9,36,,1.0,4.0,True,3.1445823
,0,5,3,9,2022,253,10,36,,,4.0,True,3.1445823
,0,6,3,9,2022,254,11,36,,4.0,4.0,True,2.879026
,0,0,3,9,2022,255,12,37,,4.0,4.0,True,2.8790443
,0,1,3,9,2022,256,13,37,,4.0,4.0,True,2.879026
,0,2,3,9,2022,257,14,37,,4.0,4.0,True,2.9031336
,0,3,3,9,2022,258,15,37,,4.0,4.0,True,2.9031336
,0,4,3,9,2022,259,16,37,,4.0,4.0,True,2.9031336
,0,5,3,9,2022,260,17,37,,4.0,4.0,True,2.9031336
,0,6,3,9,2022,261,18,37,,4.0,4.0,True,2.9031336
,0,0,3,9,2022,262,19,38,,4.0,4.0,True,2.903152
,0,1,3,9,2022,263,20,38,,4.0,4.0,True,2.9031336
,0,2,3,9,2022,264,21,38,,4.0,4.0,True,2.9031336
,0,3,3,9,2022,265,22,38,,4.0,4.0,True,2.9031336
,0,4,3,9,2022,266,23,38,,4.0,4.0,True,2.9031336
,0,5,3,9,2022,267,24,38,,4.0,4.0,True,2.9031336
,0,6,3,9,2022,268,25,38,,4.0,4.0,True,2.9031336
,0,0,3,9,2022,269,26,39,,4.0,4.0,True,2.903152
,0,1,3,9,2022,270,27,39,,4.0,2.0,True,3.3137047
,0,2,3,9,2022,271,28,39,,1.0,2.0,True,3.3911538
,0,3,3,9,2022,272,29,39,,1.0,1.0,True,3.301811
,0,4,3,9,2022,273,30,39,,1.0,1.0,True,3.301811
,0,5,4,10,2022,274,1,39,,1.0,1.0,True,2.7159793
,0,6,4,10,2022,275,2,39,,1.0,4.0,True,2.0269306
,0,0,4,10,2022,276,3,40,,1.0,4.0,True,2.0193539
,0,1,4,10,2022,277,4,40,,4.0,4.0,True,1.7685908
,0,2,4,10,2022,278,5,40,,4.0,4.0,True,1.7685908
,0,3,4,10,2022,279,6,40,,4.0,4.0,True,2.325844
,0,4,4,10,2022,280,7,40,,4.0,1.0,True,2.85049
,0,5,4,10,2022,281,8,40,,4.0,4.0,True,2.325844
,0,6,4,10,2022,282,9,40,,1.0,4.0,True,2.5841827
,0,0,4,10,2022,283,10,41,,,4.0,True,2.576606
,0,1,4,10,2022,284,11,41,,4.0,1.0,True,2.85049
,0,2,4,10,2022,285,12,41,,4.0,1.0,True,2.337866
,0,3,4,10,2022,286,13,41,,4.0,1.0,True,2.337866
,0,4,4,10,2022,287,14,41,,4.0,4.0,True,1.7810943
,0,5,4,10,2022,288,15,41,,4.0,4.0,True,1.7810943
,0,6,4,10,2022,289,16,41,,1.0,4.0,True,2.2537444
,0,0,4,10,2022,290,17,42,,4.0,4.0,True,1.9954237
,0,1,4,10,2022,291,18,42,,4.0,4.0,True,1.908685
,0,2,4,10,2022,292,19,42,,4.0,4.0,True,1.908685
,0,3,4,10,2022,293,20,42,,4.0,4.0,True,1.908685
,0,4,4,10,2022,294,21,42,,4.0,4.0,True,1.908685
,0,5,4,10,2022,295,22,42,,4.0,4.0,True,1.908685
,0,6,4,10,2022,296,23,42,,4.0,4.0,True,1.8802171
,0,0,4,10,2022,297,24,43,,1.0,4.0,True,2.0790043
,0,1,4,10,2022,298,25,43,,1.0,4.0,True,2.086581
,0,2,4,10,2022,299,26,43,,1.0,4.0,True,2.086581
,0,3,4,10,2022,300,27,43,,1.0,4.0,True,1.875639
,0,4,4,10,2022,301,28,43,,1.0,5.0,True,1.875639
,0,5,4,10,2022,302,29,43,,1.0,1.0,True,2.2998385
,0,6,4,10,2022,303,30,43,,1.0,1.0,True,2.3005843
,0,0,4,10,2022,304,31,44,,1.0,4.0,True,1.8680618
,0,1,4,11,2022,305,1,44,,1.0,1.0,True,2.2998385
,0,2,4,11,2022,306,2,44,,1.0,4.0,True,1.9378543
,0,3,4,11,2022,307,3,44,,4.0,4.0,True,1.6795152
,0,4,4,11,2022,308,4,44,,4.0,4.0,True,1.6795152
,0,5,4,11,2022,309,5,44,,4.0,4.0,True,1.6795152
,0,6,4,11,2022,310,6,44,,4.0,4.0,True,2.2615511
,0,0,4,11,2022,311,7,45,,4.0,4.0,True,2.3024983
,0,1,4,11,2022,312,8,45,,4.0,4.0,True,2.30248
,0,2,4,11,2022,313,9,45,,1.0,1.0,True,2.8357215
,0,3,4,11,2022,314,10,45,,,1.0,True,2.7065296
,0,4,4,11,2022,315,11,45,,1.0,1.0,True,2.654482
,0,5,4,11,2022,316,12,45,,1.0,1.0,True,1.8169652
,0,6,4,11,2022,317,13,45,,1.0,1.0,True,1.4620451
,0,0,4,11,2022,318,14,46,,,1.0,True,1.5028598
,0,1,4,11,2022,319,15,46,,,1.0,True,1.4790616
,0,2,4,11,2022,320,16,46,,,1.0,True,1.4666923
,0,3,4,11,2022,321,17,46,,,1.0,True,1.4666923
,0,4,4,11,2022,322,18,46,,,1.0,True,1.4666923
,0,5,4,11,2022,323,19,46,,,1.0,True,1.4666923
,0,6,4,11,2022,324,20,46,,,1.0,True,1.4620451
,0,0,4,11,2022,325,21,47,,,1.0,True,1.5028598
,0,1,4,11,2022,326,22,47,,,1.0,True,1.4790616
,0,2,4,11,2022,327,23,47,,,1.0,True,1.4666923
,0,3,4,11,2022,328,24,47,,,1.0,True,1.4666923
,0,4,4,11,2022,329,25,47,,,1.0,True,1.4666923
,0,5,4,11,2022,330,26,47,,,4.0,True,1.4126685
,0,6,4,11,2022,331,27,47,,,5.0,True,1.4126685
,0,0,4,11,2022,332,28,48,,,1.0,True,1.5028598
,0,1,4,11,2022,333,29,48,,1.0,1.0,True,1.4736688
,0,2,4,11,2022,334,30,48,,1.0,4.0,True,1.6173825
,0,3,4,12,2022,335,1,48,,4.0,1.0,True,1.8961363
,0,4,4,12,2022,336,2,48,,4.0,4.0,True,1.6344885
,0,5,4,12,2022,337,3,48,,1.0,4.0,True,1.8634351
,0,6,4,12,2022,338,4,48,,4.0,4.0,True,1.6344885
,0,0,4,12,2022,339,5,49,,4.0,4.0,True,1.6345068
,0,1,4,12,2022,340,6,49,,4.0,4.0,True,1.9721859
,0,2,4,12,2022,341,7,49,,4.0,4.0,True,2.1571708
,0,3,4,12,2022,342,8,49,,4.0,4.0,True,2.1571708
,0,4,4,12,2022,343,9,49,,,1.0,True,2.2551584
,0,5,4,12,2022,344,10,49,,,1.0,True,2.2551584
,0,6,4,12,2022,345,11,49,,,1.0,True,2.094888
,0,0,4,12,2022,346,12,50,,,1.0,True,1.6718147
,0,1,4,12,2022,347,13,50,,,1.0,True,1.6480165
,0,2,4,12,2022,348,14,50,,,1.0,True,1.6185559
,0,3,4,12,2022,349,15,50,,,1.0,True,1.6156738
,0,4,4,12,2022,350,16,50,,,1.0,True,1.6156738
,0,5,4,12,2022,351,17,50,,,1.0,True,1.6156738
,0,6,4,12,2022,352,18,50,,,4.0,True,1.6490027
,0,0,4,12,2022,353,19,51,,,4.0,True,1.6443076
,0,1,4,12,2022,354,20,51,,,4.0,True,1.6518848
,0,2,4,12,2022,355,21,51,,,4.0,True,1.6518848
,0,3,4,12,2022,356,22,51,,,1.0,True,1.6156738
,0,4,4,12,2022,357,23,51,,,1.0,True,1.6215441
,0,5,4,12,2022,358,24,51,,,1.0,True,1.6215441
,0,6,4,12,2022,359,25,51,,,1.0,True,1.6110265
,0,0,4,12,2022,360,26,52,,,4.0,True,1.6443076
,0,1,4,12,2022,361,27,52,,,2.0,True,1.6244262
,0,2,4,12,2022,362,28,52,,,3.0,True,1.6244262
,0,3,4,12,2022,363,29,52,,,2.0,True,1.6215441
,0,4,4,12,2022,364,30,52,,,1.0,True,1.6215441
,0,5,4,12,2022,365,31,52,,,1.0,True,1.6215441
,0,6,1,1,2023,1,1,52,,,4.0,True,2.4090228
,0,0,1,1,2023,2,2,1,,,4.0,True,2.2247357
,0,1,1,1,2023,3,3,1,,,4.0,True,2.3229992
,0,2,1,1,2023,4,4,1,,,4.0,True,2.3229992
,0,3,1,1,2023,5,5,1,,,4.0,True,1.9964352
,0,4,1,1,2023,6,6,1,,,4.0,True,2.7275045
,0,5,1,1,2023,7,7,1,,,1.0,True,3.323784
,0,6,1,1,2023,8,8,1,,,,True,3.1852021
,0,0,1,1,2023,9,9,2,,,1.0,True,3.2826595
,0,1,1,1,2023,10,10,2,,,5.0,True,3.364338
,0,2,1,1,2023,11,11,2,,,5.0,True,2.4091313
,0,3,1,1,2023,12,12,2,,,2.0,True,2.4972146
,0,4,1,1,2023,13,13,2,,,5.0,True,2.354277
,0,5,1,1,2023,14,14,2,,,2.0,True,2.5501425
,0,6,1,1,2023,15,15,2,,,3.0,True,2.5454953
,0,0,1,1,2023,16,16,3,,,1.0,True,2.4542725
,0,1,1,1,2023,17,17,3,,,1.0,True,2.495397
,0,2,1,1,2023,18,18,3,,,1.0,True,2.3809872
,0,3,1,1,2023,19,19,3,,,1.0,True,2.3809872
,0,4,1,1,2023,20,20,3,,,1.0,True,2.3809872
,0,5,1,1,2023,21,21,3,,,1.0,True,2.3809872
,0,6,1,1,2023,22,22,3,,,1.0,True,2.37634
,0,0,1,1,2023,23,23,4,,,1.0,True,2.5031023
,0,1,1,1,2023,24,24,4,,,3.0,True,2.497115
,0,2,1,1,2023,25,25,4,,,2.0,True,2.497115
,0,3,1,1,2023,26,26,4,,,5.0,True,2.185122
,0,4,1,1,2023,27,27,4,,,5.0,True,2.185122
,0,5,1,1,2023,28,28,4,,,3.0,True,2.497115
,0,6,1,1,2023,29,29,4,,,1.0,True,2.4924676
,0,0,1,1,2023,30,30,5,,,1.0,True,2.5031023
,0,1,1,1,2023,31,31,5,,,1.0,True,2.497115
,0,2,1,2,2023,32,1,5,,,4.0,True,2.185122
,0,3,1,2,2023,33,2,5,,,4.0,True,2.185122
,0,4,1,2,2023,34,3,5,,,4.0,True,2.185122
,0,5,1,2,2023,35,4,5,,,4.0,True,2.185122
,0,6,1,2,2023,36,5,5,,,4.0,True,2.185122
,0,0,1,2,2023,37,6,6,,,4.0,True,2.1435509
,0,1,1,2,2023,38,7,6,,,1.0,True,2.6033812
,0,2,1,2,2023,39,8,6,,,,True,2.327237
,0,3,1,2,2023,40,9,6,,,1.0,True,2.6033812
,0,4,1,2,2023,41,10,6,,,1.0,True,2.6033812
,0,5,1,2,2023,42,11,6,,,1.0,True,1.9177393
,0,6,1,2,2023,43,12,6,,,1.0,True,1.9191043
,0,0,1,2,2023,44,13,7,,,1.0,True,1.9111334
,0,1,1,2,2023,45,14,7,,,1.0,True,1.8873352
,0,2,1,2,2023,46,15,7,,,1.0,True,1.8873352
,0,3,1,2,2023,47,16,7,,,1.0,True,1.8873352
,0,4,1,2,2023,48,17,7,,,1.0,True,1.8873352
,0,5,1,2,2023,49,18,7,,,1.0,True,1.8873352
,0,6,1,2,2023,50,19,7,,,1.0,True,1.8412962
,0,0,1,2,2023,51,20,8,,,1.0,True,1.8637294
,0,1,1,2,2023,52,21,8,,,1.0,True,1.8399311
,0,2,1,2,2023,53,22,8,,,1.0,True,1.8399311
,0,3,1,2,2023,54,23,8,,,1.0,True,1.8399311
,0,4,1,2,2023,55,24,8,,,4.0,True,1.7847855
,0,5,1,2,2023,56,25,8,,,1.0,True,1.8399311
,0,6,1,2,2023,57,26,8,,,4.0,True,1.7907978
,0,0,1,2,2023,58,27,9,,,3.0,True,1.8637294
,0,1,1,2,2023,59,28,9,,,1.0,True,1.9757867
,0,2,1,3,2023,60,1,9,,,1.0,True,1.9757867
,0,3,1,3,2023,61,2,9,,,4.0,True,1.8328999
,0,4,1,3,2023,62,3,9,,,4.0,True,1.8328999
,0,5,1,3,2023,63,4,9,,,4.0,True,1.8328999
,0,6,1,3,2023,64,5,9,,,4.0,True,1.8328999
,0,0,1,3,2023,65,6,10,,,4.0,True,1.8253227
,0,1,1,3,2023,66,7,10,,,4.0,True,2.0320387
,0,2,1,3,2023,67,8,10,,,1.0,True,2.174925
,0,3,1,3,2023,68,9,10,,,,True,2.0320387
,0,4,1,3,2023,69,10,10,,,1.0,True,2.174925
,0,5,1,3,2023,70,11,10,,,1.0,True,2.174925
,0,6,1,3,2023,71,12,10,,,1.0,True,1.9044235
,0,0,1,3,2023,72,13,11,,,4.0,True,1.7586068
,0,1,1,3,2023,73,14,11,,,4.0,True,1.766184
,0,2,1,3,2023,74,15,11,,,1.0,True,1.9090707
,0,3,1,3,2023,75,16,11,,,1.0,True,1.9090707
,0,4,1,3,2023,76,17,11,,,1.0,True,1.9090707
,0,5,1,3,2023,77,18,11,,,1.0,True,1.9090707
,0,6,1,3,2023,78,19,11,,,1.0,True,1.9044235
,0,0,1,3,2023,79,20,12,,,1.0,True,1.932869
,0,1,1,3,2023,80,21,12,,,1.0,True,1.9090707
,0,2,1,3,2023,81,22,12,,,4.0,True,1.766184
,0,3,1,3,2023,82,23,12,,,4.0,True,1.766184
,0,4,1,3,2023,83,24,12,,,4.0,True,1.766184
,0,5,1,3,2023,84,25,12,,,1.0,True,1.9090707
,0,6,1,3,2023,85,26,12,,,1.0,True,1.9245467
,0,0,1,3,2023,86,27,13,,,4.0,True,1.7677106
,0,1,1,3,2023,87,28,13,,,1.0,True,1.929194
,0,2,1,3,2023,88,29,13,,,3.0,True,1.929194
,0,3,1,3,2023,89,30,13,,,3.0,True,1.929194
,0,4,1,3,2023,90,31,13,,,1.0,True,1.929194
,0,5,2,4,2023,91,1,13,,,1.0,True,1.929194
,0,6,2,4,2023,92,2,13,,,1.0,True,1.9340756
,0,0,2,4,2023,93,3,14,,,4.0,True,1.7772394
,0,1,2,4,2023,94,4,14,,,4.0,True,1.7848166
,0,2,2,4,2023,95,5,14,,,4.0,True,1.7848166
,0,3,2,4,2023,96,6,14,,,4.0,True,2.188648
,0,4,2,4,2023,97,7,14,,,4.0,True,2.188648
,0,5,2,4,2023,98,8,14,,,1.0,True,2.342555
,0,6,2,4,2023,99,9,14,,,,True,2.188648
,0,0,2,4,2023,100,10,15,,,4.0,True,2.1810713
,0,1,2,4,2023,101,11,15,,,1.0,True,2.342555
,0,2,2,4,2023,102,12,15,,,1.0,True,2.0545783
,0,3,2,4,2023,103,13,15,,,4.0,True,1.9006726
,0,4,2,4,2023,104,14,15,,,4.0,True,1.8704612
,0,5,2,4,2023,105,15,15,,,4.0,True,1.8704612
,0,6,2,4,2023,106,16,15,,,4.0,True,1.8704612
,0,0,2,4,2023,107,17,16,,,4.0,True,1.862884
,0,1,2,4,2023,108,18,16,,,1.0,True,2.0545783
,0,2,2,4,2023,109,19,16,,,1.0,True,2.0545783
,0,3,2,4,2023,110,20,16,,,1.0,True,2.0545783
,0,4,2,4,2023,111,21,16,,,1.0,True,2.0545783
,0,5,2,4,2023,112,22,16,,,1.0,True,1.9925057
,0,6,2,4,2023,113,23,16,,,1.0,True,1.9878584
,0,0,2,4,2023,114,24,17,,,1.0,True,2.016304
,0,1,2,4,2023,115,25,17,,,1.0,True,1.9925057
,0,2,2,4,2023,116,26,17,,,4.0,True,1.8200774
,0,3,2,4,2023,117,27,17,,,4.0,True,1.8200774
,0,4,2,4,2023,118,28,17,,,2.0,True,1.9925057
,0,5,2,4,2023,119,29,17,,,2.0,True,1.9925057
,0,6,2,4,2023,120,30,17,,,1.0,True,1.9878584
,0,0,2,5,2023,121,1,18,,,1.0,True,2.016304
,0,1,2,5,2023,122,2,18,,,4.0,True,1.8200774
,0,2,2,5,2023,123,3,18,,,4.0,True,1.8200774
,0,3,2,5,2023,124,4,18,,,4.0,True,1.8200774
,0,4,2,5,2023,125,5,18,,,4.0,True,1.8200774
,0,5,2,5,2023,126,6,18,,,4.0,True,2.150623
,0,6,2,5,2023,127,7,18,,,4.0,True,2.423055
,0,0,2,5,2023,128,8,19,,,1.0,True,2.423502
,0,1,2,5,2023,129,9,19,,,,True,2.423055
,0,2,2,5,2023,130,10,19,,,1.0,True,2.3997035
,0,3,2,5,2023,131,11,19,,,4.0,True,2.2221441
,0,4,2,5,2023,132,12,19,,,4.0,True,2.2221441
,0,5,2,5,2023,133,13,19,,,4.0,True,2.1599097
,0,6,2,5,2023,134,14,19,,,1.0,True,2.1479897
,0,0,2,5,2023,135,15,20,,,1.0,True,2.1764355
,0,1,2,5,2023,136,16,20,,,1.0,True,2.152637
,0,2,2,5,2023,137,17,20,,,1.0,True,2.152637
,0,3,2,5,2023,138,18,20,,,1.0,True,1.3436366
,0,4,2,5,2023,139,19,20,,,1.0,True,1.3436366
,0,5,2,5,2023,140,20,20,,,1.0,True,1.3436366
,0,6,2,5,2023,141,21,20,,,1.0,True,1.3389894
,0,0,2,5,2023,142,22,21,,,1.0,True,1.3674349
,0,1,2,5,2023,143,23,21,,,1.0,True,1.3436366
,0,2,2,5,2023,144,24,21,,,1.0,True,1.3436366
,0,3,2,5,2023,145,25,21,,,1.0,True,1.3436366
,0,4,2,5,2023,146,26,21,,,1.0,True,1.3436366
,0,5,2,5,2023,147,27,21,,,1.0,True,1.3436366
,0,6,2,5,2023,148,28,21,,,4.0,True,1.7873266
,0,0,2,5,2023,149,29,22,,,1.0,True,1.4650408
,0,1,2,5,2023,150,30,22,,,5.0,True,1.8849325
,0,2,2,5,2023,151,31,22,,,1.0,True,1.4626874
,0,3,2,6,2023,152,1,22,,,1.0,True,2.2799065
,0,4,2,6,2023,153,2,22,,,4.0,True,2.6013658
,0,5,2,6,2023,154,3,22,,,4.0,True,2.6013658
,0,6,2,6,2023,155,4,22,,,4.0,True,2.5510128
,0,0,2,6,2023,156,5,23,,,4.0,True,2.573684
,0,1,2,6,2023,157,6,23,,,4.0,True,2.5812607
,0,2,2,6,2023,158,7,23,,,1.0,True,3.3526478
,0,3,2,6,2023,159,8,23,,,1.0,True,3.3526478
,0,4,2,6,2023,160,9,23,,,,True,3.1821818
,0,5,2,6,2023,161,10,23,,,4.0,True,3.1821818
,0,6,2,6,2023,162,11,23,,,4.0,True,3.1821818
,0,0,2,6,2023,163,12,24,,,4.0,True,3.1746051
,0,1,2,6,2023,164,13,24,,,4.0,True,3.1821818
,0,2,2,6,2023,165,14,24,,,4.0,True,3.3645263
,0,3,2,6,2023,166,15,24,,,4.0,True,3.3645263
,0,4,2,6,2023,167,16,24,,,4.0,True,3.3645263
,0,5,2,6,2023,168,17,24,,,4.0,True,3.3645263
,0,6,2,6,2023,169,18,24,,,4.0,True,3.3645263
,0,0,2,6,2023,170,19,25,,,4.0,True,3.3569496
,0,1,2,6,2023,171,20,25,,,4.0,True,3.3645263
,0,2,2,6,2023,172,21,25,,,4.0,True,3.3645263
,0,3,2,6,2023,173,22,25,,,4.0,True,3.3645263
,0,4,2,6,2023,174,23,25,,,4.0,True,3.3645263
,0,5,2,6,2023,175,24,25,,,4.0,True,3.3645263
,0,6,2,6,2023,176,25,25,,,4.0,True,3.3645263
,0,0,2,6,2023,177,26,26,,,4.0,True,3.3569496
,0,1,2,6,2023,178,27,26,,,4.0,True,3.3645263
,0,2,2,6,2023,179,28,26,,,1.0,True,3.5349922
,0,3,2,6,2023,180,29,26,,,5.0,True,3.3645263
,0,4,2,6,2023,181,30,26,,,1.0,True,3.5349922
,0,5,3,7,2023,182,1,26,,,1.0,True,3.5349922
,0,6,3,7,2023,183,2,26,,,1.0,True,3.3027973
,0,0,3,7,2023,184,3,27,,,4.0,True,3.1294017
,0,1,3,7,2023,185,4,27,,,4.0,True,3.1369784
,0,2,3,7,2023,186,5,27,,,4.0,True,3.1369784
,0,3,3,7,2023,187,6,27,,,4.0,True,3.2678926
,0,4,3,7,2023,188,7,27,,,4.0,True,3.2678926
,0,5,3,7,2023,189,8,27,,,1.0,True,3.4980357
,0,6,3,7,2023,190,9,27,,,,True,3.2678926
,0,0,3,7,2023,191,10,28,,,4.0,True,3.260316
,0,1,3,7,2023,192,11,28,,,4.0,True,3.2678926
,0,2,3,7,2023,193,12,28,,,4.0,True,3.2678926
,0,3,3,7,2023,194,13,28,,,4.0,True,3.2678926
,0,4,3,7,2023,195,14,28,,,4.0,True,3.2678926
,0,5,3,7,2023,196,15,28,,,4.0,True,3.2994976
,0,6,3,7,2023,197,16,28,,,4.0,True,3.2994976
,0,0,3,7,2023,198,17,29,,,4.0,True,3.291921
,0,1,3,7,2023,199,18,29,,,4.0,True,3.2994976
,0,2,3,7,2023,200,19,29,,,4.0,True,3.2994976
,0,3,3,7,2023,201,20,29,,,4.0,True,3.2994976
,0,4,3,7,2023,202,21,29,,,4.0,True,3.2994976
,0,5,3,7,2023,203,22,29,,,4.0,True,3.2994976
,0,6,3,7,2023,204,23,29,,,4.0,True,3.2994976
,0,0,3,7,2023,205,24,30,,,4.0,True,3.291921
,0,1,3,7,2023,206,25,30,,,4.0,True,3.2994976
,0,2,3,7,2023,207,26,30,,,4.0,True,3.2994976
,0,3,3,7,2023,208,27,30,,,4.0,True,3.2994976
,0,4,3,7,2023,209,28,30,,,4.0,True,3.2994976
,0,5,3,7,2023,210,29,30,,,1.0,True,3.5296407
,0,6,3,7,2023,211,30,30,,,5.0,True,3.2994976
,0,0,3,7,2023,212,31,31,,,1.0,True,3.5534391
,0,1,3,8,2023,213,1,31,,,1.0,True,3.5296407
,0,2,3,8,2023,214,2,31,,,1.0,True,3.3136866
,0,3,3,8,2023,215,3,31,,,4.0,True,3.0835435
,0,4,3,8,2023,216,4,31,,,4.0,True,3.0835435
,0,5,3,8,2023,217,5,31,,,4.0,True,3.0835435
,0,6,3,8,2023,218,6,31,,,4.0,True,3.0835435
,0,0,3,8,2023,219,7,32,,,4.0,True,3.1835437
,0,1,3,8,2023,220,8,32,,,1.0,True,3.4212635
,0,2,3,8,2023,221,9,32,,,,True,3.1911204
,0,3,3,8,2023,222,10,32,,,4.0,True,3.1911204
,0,4,3,8,2023,223,11,32,,,4.0,True,3.1911204
,0,5,3,8,2023,224,12,32,,,4.0,True,3.1911204
,0,6,3,8,2023,225,13,32,,,4.0,True,3.1911204
,0,0,3,8,2023,226,14,33,,,4.0,True,3.289655
,0,1,3,8,2023,227,15,33,,,4.0,True,3.2972317
,0,2,3,8,2023,228,16,33,,,4.0,True,3.2972317
,0,3,3,8,2023,229,17,33,,,4.0,True,3.2972317
,0,4,3,8,2023,230,18,33,,,4.0,True,3.2972317
,0,5,3,8,2023,231,19,33,,,4.0,True,3.2972317
,0,6,3,8,2023,232,20,33,,,4.0,True,3.2972317
,0,0,3,8,2023,233,21,34,,,4.0,True,3.289655
,0,1,3,8,2023,234,22,34,,,4.0,True,3.2972317
,0,2,3,8,2023,235,23,34,,,4.0,True,3.2972317
,0,3,3,8,2023,236,24,34,,,4.0,True,3.2972317
,0,4,3,8,2023,237,25,34,,,4.0,True,3.2972317
,0,5,3,8,2023,238,26,34,,,4.0,True,3.2972317
,0,6,3,8,2023,239,27,34,,,4.0,True,3.2972317
,0,0,3,8,2023,240,28,35,,,4.0,True,3.289655
,0,1,3,8,2023,241,29,35,,,2.0,True,3.470345
,0,2,3,8,2023,242,30,35,,,1.0,True,3.470345
,0,3,3,8,2023,243,31,35,,,1.0,True,3.470345
,0,4,3,9,2023,244,1,35,,,1.0,True,3.221666
,0,5,3,9,2023,245,2,35,,,1.0,True,3.221666
,0,6,3,9,2023,246,3,35,,,4.0,True,2.8076007
,0,0,3,9,2023,247,4,36,,,4.0,True,2.800024
,0,1,3,9,2023,248,5,36,,,4.0,True,2.8076007
,0,2,3,9,2023,249,6,36,,,4.0,True,3.1445823
,0,3,3,9,2023,250,7,36,,,4.0,True,3.1445823
,0,4,3,9,2023,251,8,36,,,1.0,True,3.3965468
,0,5,3,9,2023,252,9,36,,,,True,3.1445823
,0,6,3,9,2023,253,10,36,,,4.0,True,3.1445823
,0,0,3,9,2023,254,11,37,,,4.0,True,3.1370056
,0,1,3,9,2023,255,12,37,,,4.0,True,3.1445823
,0,2,3,9,2023,256,13,37,,,4.0,True,3.1445823
,0,3,3,9,2023,257,14,37,,,4.0,True,3.16869
,0,4,3,9,2023,258,15,37,,,4.0,True,3.16869
,0,5,3,9,2023,259,16,37,,,4.0,True,3.16869
,0,6,3,9,2023,260,17,37,,,4.0,True,3.16869
,0,0,3,9,2023,261,18,38,,,4.0,True,3.1611133
,0,1,3,9,2023,262,19,38,,,4.0,True,3.16869
,0,2,3,9,2023,263,20,38,,,4.0,True,3.16869
,0,3,3,9,2023,264,21,38,,,4.0,True,3.16869
,0,4,3,9,2023,265,22,38,,,4.0,True,3.16869
,0,5,3,9,2023,266,23,38,,,4.0,True,3.16869
,0,6,3,9,2023,267,24,38,,,4.0,True,3.16869
,0,0,3,9,2023,268,25,39,,,4.0,True,3.1611133
,0,1,3,9,2023,269,26,39,,,4.0,True,3.16869
,0,2,3,9,2023,270,27,39,,,1.0,True,3.3965468
,0,3,3,9,2023,271,28,39,,,1.0,True,3.3965468
,0,4,3,9,2023,272,29,39,,,1.0,True,3.307204
,0,5,3,9,2023,273,30,39,,,1.0,True,3.307204
,0,6,4,10,2023,274,1,39,,,1.0,True,2.716725
,0,0,4,10,2023,275,2,40,,,1.0,True,2.7451708
,0,1,4,10,2023,276,3,40,,,4.0,True,2.0269306
,0,2,4,10,2023,277,4,40,,,4.0,True,2.0269306
,0,3,4,10,2023,278,5,40,,,4.0,True,2.0269306
,0,4,4,10,2023,279,6,40,,,4.0,True,2.5841827
,0,5,4,10,2023,280,7,40,,,4.0,True,2.5841827
,0,6,4,10,2023,281,8,40,,,1.0,True,2.928685
,0,0,4,10,2023,282,9,41,,,,True,2.576606
,0,1,4,10,2023,283,10,41,,,4.0,True,2.5841827
,0,2,4,10,2023,284,11,41,,,4.0,True,2.5841827
,0,3,4,10,2023,285,12,41,,,4.0,True,2.0394332
,0,4,4,10,2023,286,13,41,,,4.0,True,2.0394332
,0,5,4,10,2023,287,14,41,,,4.0,True,2.0394332
,0,6,4,10,2023,288,15,41,,,1.0,True,2.3839338
,0,0,4,10,2023,289,16,42,,,4.0,True,2.2461677
,0,1,4,10,2023,290,17,42,,,4.0,True,2.2537444
,0,2,4,10,2023,291,18,42,,,4.0,True,2.167025
,0,3,4,10,2023,292,19,42,,,4.0,True,2.167025
,0,4,4,10,2023,293,20,42,,,4.0,True,2.167025
,0,5,4,10,2023,294,21,42,,,4.0,True,2.167025
,0,6,4,10,2023,295,22,42,,,4.0,True,2.167025
,0,0,4,10,2023,296,23,43,,,1.0,True,2.5399733
,0,1,4,10,2023,297,24,43,,,1.0,True,2.5161748
,0,2,4,10,2023,298,25,43,,,1.0,True,2.5161748
,0,3,4,10,2023,299,26,43,,,1.0,True,2.5161748
,0,4,4,10,2023,300,27,43,,,1.0,True,2.3052316
,0,5,4,10,2023,301,28,43,,,1.0,True,2.3052316
,0,6,4,10,2023,302,29,43,,,1.0,True,2.3005843
,0,0,4,10,2023,303,30,44,,,1.0,True,2.32903
,0,1,4,10,2023,304,31,44,,,1.0,True,2.3052316
,0,2,4,11,2023,305,1,44,,,1.0,True,2.3052316
,0,3,4,11,2023,306,2,44,,,4.0,True,1.9378543
,0,4,4,11,2023,307,3,44,,,4.0,True,1.9378543
,0,5,4,11,2023,308,4,44,,,4.0,True,1.9378543
,0,6,4,11,2023,309,5,44,,,4.0,True,1.9378543
,0,0,4,11,2023,310,6,45,,,4.0,True,2.553242
,0,1,4,11,2023,311,7,45,,,4.0,True,2.5608187
,0,2,4,11,2023,312,8,45,,,1.0,True,2.9281974
,0,3,4,11,2023,313,9,45,,,,True,2.4794617
,0,4,4,11,2023,314,10,45,,,1.0,True,2.7065296
,0,5,4,11,2023,315,11,45,,,1.0,True,2.7065296
,0,6,4,11,2023,316,12,45,,,1.0,True,1.8177108
,0,0,4,11,2023,317,13,46,,,,True,1.4174606
,0,1,4,11,2023,318,14,46,,,,True,1.4250377
,0,2,4,11,2023,319,15,46,,,,True,1.4126685
,0,3,4,11,2023,320,16,46,,,,True,1.4126685
,0,4,4,11,2023,321,17,46,,,,True,1.4126685
,0,5,4,11,2023,322,18,46,,,,True,1.4126685
,0,6,4,11,2023,323,19,46,,,,True,1.4126685
,0,0,4,11,2023,324,20,47,,,,True,1.4174606
,0,1,4,11,2023,325,21,47,,,,True,1.4250377
,0,2,4,11,2023,326,22,47,,,,True,1.4126685
,0,3,4,11,2023,327,23,47,,,,True,1.4126685
,0,4,4,11,2023,328,24,47,,,,True,1.4126685
,0,5,4,11,2023,329,25,47,,,,True,1.4126685
,0,6,4,11,2023,330,26,47,,,,True,1.4126685
,0,0,4,11,2023,331,27,48,,,,True,1.4174606
,0,1,4,11,2023,332,28,48,,,1.0,True,1.4790616
,0,2,4,11,2023,333,29,48,,,1.0,True,1.4666923
,0,3,4,11,2023,334,30,48,,,4.0,True,1.6173825
,0,4,4,12,2023,335,1,48,,,4.0,True,1.8634351
,0,5,4,12,2023,336,2,48,,,1.0,True,1.917459
,0,6,4,12,2023,337,3,48,,,4.0,True,1.8634351
,0,0,4,12,2023,338,4,49,,,4.0,True,1.855858
,0,1,4,12,2023,339,5,49,,,4.0,True,1.8634351
,0,2,4,12,2023,340,6,49,,,4.0,True,2.201133
,0,3,4,12,2023,341,7,49,,,4.0,True,2.201133
,0,4,4,12,2023,342,8,49,,,,True,2.201133
,0,5,4,12,2023,343,9,49,,,,True,2.201133
,0,6,4,12,2023,344,10,49,,,,True,2.201133
,0,0,4,12,2023,345,11,50,,,,True,2.0379336
,0,1,4,12,2023,346,12,50,,,,True,1.5939926
,0,2,4,12,2023,347,13,50,,,,True,1.5939926
,0,3,4,12,2023,348,14,50,,,,True,1.5616499
,0,4,4,12,2023,349,15,50,,,,True,1.5616499
,0,5,4,12,2023,350,16,50,,,,True,1.5616499
,0,6,4,12,2023,351,17,50,,,,True,1.5616499
,0,0,4,12,2023,352,18,51,,,,True,1.5569549
,0,1,4,12,2023,353,19,51,,,,True,1.564532
,0,2,4,12,2023,354,20,51,,,,True,1.564532
,0,3,4,12,2023,355,21,51,,,,True,1.5616499
,0,4,4,12,2023,356,22,51,,,,True,1.5616499
,0,5,4,12,2023,357,23,51,,,,True,1.5616499
,0,6,4,12,2023,358,24,51,,,,True,1.5616499
,0,0,4,12,2023,359,25,52,,,,True,1.5569549
,0,1,4,12,2023,360,26,52,,,,True,1.564532
,0,2,4,12,2023,361,27,52,,,,True,1.564532
,0,3,4,12,2023,362,28,52,,,,True,1.5616499
,0,4,4,12,2023,363,29,52,,,,True,1.5616499
,0,5,4,12,2023,364,30,52,,,,True,1.5616499
,0,6,4,12,2023,365,31,52,,,,True,1.5616499
,0,0,1,1,2024,1,1,1,,,,True,2.2247357
,0,1,1,1,2024,2,2,1,,,,True,2.3229992
,0,2,1,1,2024,3,3,1,,,,True,2.3229992
,0,3,1,1,2024,4,4,1,,,,True,1.9964352
,0,4,1,1,2024,5,5,1,,,,True,1.9964352
,0,5,1,1,2024,6,6,1,,,,True,2.9451325
,0,6,1,1,2024,7,7,1,,,,True,3.1852021
,0,0,1,1,2024,8,8,2,,,,True,3.2660744
,0,1,1,1,2024,9,9,2,,,,True,3.364338
,0,2,1,1,2024,10,10,2,,,,True,3.364338
,0,3,1,1,2024,11,11,2,,,,True,2.301349
,0,4,1,1,2024,12,12,2,,,,True,2.301349
,0,5,1,1,2024,13,13,2,,,,True,2.354277
,0,6,1,1,2024,14,14,2,,,,True,2.354277
,0,0,1,1,2024,15,15,3,,,,True,2.2560134
,0,1,1,1,2024,16,16,3,,,,True,2.299532
,0,2,1,1,2024,17,17,3,,,,True,2.299532
,0,3,1,1,2024,18,18,3,,,,True,2.185122
,0,4,1,1,2024,19,19,3,,,,True,2.185122
,0,5,1,1,2024,20,20,3,,,,True,2.185122
,0,6,1,1,2024,21,21,3,,,,True,2.185122
,0,0,1,1,2024,22,22,4,,,,True,2.1339705
,0,1,1,1,2024,23,23,4,,,,True,2.185122
,0,2,1,1,2024,24,24,4,,,,True,2.185122
,0,3,1,1,2024,25,25,4,,,,True,2.185122
,0,4,1,1,2024,26,26,4,,,,True,2.185122
,0,5,1,1,2024,27,27,4,,,,True,2.185122
,0,6,1,1,2024,28,28,4,,,,True,2.185122
,0,0,1,1,2024,29,29,5,,,,True,2.1339705
,0,1,1,1,2024,30,30,5,,,,True,2.185122
,0,2,1,1,2024,31,31,5,,,,True,2.185122
,0,3,1,2,2024,32,1,5,,,,True,2.185122
,0,4,1,2,2024,33,2,5,,,,True,2.185122
,0,5,1,2,2024,34,3,5,,,,True,2.185122
,0,6,1,2,2024,35,4,5,,,,True,2.185122
,0,0,1,2,2024,36,5,6,,,,True,2.1435509
,0,1,1,2,2024,37,6,6,,,,True,2.185122
,0,2,1,2,2024,38,7,6,,,,True,2.327237
,0,3,1,2,2024,39,8,6,,,,True,2.327237
,0,4,1,2,2024,40,9,6,,,,True,2.327237
,0,5,1,2,2024,41,10,6,,,,True,2.327237
,0,6,1,2,2024,42,11,6,,,,True,1.8345344
,0,0,1,2,2024,43,12,7,,,,True,1.8047614
,0,1,1,2,2024,44,13,7,,,,True,1.8285221
,0,2,1,2,2024,45,14,7,,,,True,1.8285221
,0,3,1,2,2024,46,15,7,,,,True,1.8285221
,0,4,1,2,2024,47,16,7,,,,True,1.8285221
,0,5,1,2,2024,48,17,7,,,,True,1.8285221
,0,6,1,2,2024,49,18,7,,,,True,1.8345344
,0,0,1,2,2024,50,19,8,,,,True,1.761025
,0,1,1,2,2024,51,20,8,,,,True,1.7847855
,0,2,1,2,2024,52,21,8,,,,True,1.7847855
,0,3,1,2,2024,53,22,8,,,,True,1.7847855
,0,4,1,2,2024,54,23,8,,,,True,1.7847855
,0,5,1,2,2024,55,24,8,,,,True,1.7847855
,0,6,1,2,2024,56,25,8,,,,True,1.7907978
,0,0,1,2,2024,57,26,9,,,,True,1.7772083
,0,1,1,2,2024,58,27,9,,,,True,1.7847855
,0,2,1,2,2024,59,28,9,,,,True,1.8328999
,0,3,1,2,2024,60,29,9,,,,True,1.8328999
,0,4,1,3,2024,61,1,9,,,,True,1.8328999
,0,5,1,3,2024,62,2,9,,,,True,1.8328999
,0,6,1,3,2024,63,3,9,,,,True,1.8328999
,0,0,1,3,2024,64,4,10,,,,True,1.8253227
,0,1,1,3,2024,65,5,10,,,,True,1.8328999
,0,2,1,3,2024,66,6,10,,,,True,2.0320387
,0,3,1,3,2024,67,7,10,,,,True,2.0320387
,0,4,1,3,2024,68,8,10,,,,True,2.0320387
,0,5,1,3,2024,69,9,10,,,,True,2.0320387
,0,6,1,3,2024,70,10,10,,,,True,2.0320387
,0,0,1,3,2024,71,11,11,,,,True,1.7586068
,0,1,1,3,2024,72,12,11,,,,True,1.766184
,0,2,1,3,2024,73,13,11,,,,True,1.766184
,0,3,1,3,2024,74,14,11,,,,True,1.766184
,0,4,1,3,2024,75,15,11,,,,True,1.766184
,0,5,1,3,2024,76,16,11,,,,True,1.766184
,0,6,1,3,2024,77,17,11,,,,True,1.766184
,0,0,1,3,2024,78,18,12,,,,True,1.7586068
,0,1,1,3,2024,79,19,12,,,,True,1.766184
,0,2,1,3,2024,80,20,12,,,,True,1.766184
,0,3,1,3,2024,81,21,12,,,,True,1.766184
,0,4,1,3,2024,82,22,12,,,,True,1.766184
,0,5,1,3,2024,83,23,12,,,,True,1.766184
,0,6,1,3,2024,84,24,12,,,,True,1.766184
,0,0,1,3,2024,85,25,13,,,,True,1.7677106
,0,1,1,3,2024,86,26,13,,,,True,1.7752877
,0,2,1,3,2024,87,27,13,,,,True,1.7752877
,0,3,1,3,2024,88,28,13,,,,True,1.7752877
,0,4,1,3,2024,89,29,13,,,,True,1.7752877
,0,5,1,3,2024,90,30,13,,,,True,1.7752877
,0,6,1,3,2024,91,31,13,,,,True,1.7752877
,0,0,2,4,2024,92,1,14,,,,True,1.7772394
,0,1,2,4,2024,93,2,14,,,,True,1.7848166
,0,2,2,4,2024,94,3,14,,,,True,1.7848166
,0,3,2,4,2024,95,4,14,,,,True,1.7848166
,0,4,2,4,2024,96,5,14,,,,True,2.188648
,0,5,2,4,2024,97,6,14,,,,True,2.188648
,0,6,2,4,2024,98,7,14,,,,True,2.188648
,0,0,2,4,2024,99,8,15,,,,True,2.1810713
,0,1,2,4,2024,100,9,15,,,,True,2.188648
,0,2,2,4,2024,101,10,15,,,,True,2.188648
,0,3,2,4,2024,102,11,15,,,,True,1.9006726
,0,4,2,4,2024,103,12,15,,,,True,1.9006726
,0,5,2,4,2024,104,13,15,,,,True,1.8704612
,0,6,2,4,2024,105,14,15,,,,True,1.8704612
,0,0,2,4,2024,106,15,16,,,,True,1.862884
,0,1,2,4,2024,107,16,16,,,,True,1.8704612
,0,2,2,4,2024,108,17,16,,,,True,1.8704612
,0,3,2,4,2024,109,18,16,,,,True,1.8704612
,0,4,2,4,2024,110,19,16,,,,True,1.8704612
,0,5,2,4,2024,111,20,16,,,,True,1.8704612
,0,6,2,4,2024,112,21,16,,,,True,1.8200774
,0,0,2,4,2024,113,22,17,,,,True,1.8125002
,0,1,2,4,2024,114,23,17,,,,True,1.8200774
,0,2,2,4,2024,115,24,17,,,,True,1.8200774
,0,3,2,4,2024,116,25,17,,,,True,1.8200774
,0,4,2,4,2024,117,26,17,,,,True,1.8200774
,0,5,2,4,2024,118,27,17,,,,True,1.8200774
,0,6,2,4,2024,119,28,17,,,,True,1.8200774
,0,0,2,4,2024,120,29,18,,,,True,1.8125002
,0,1,2,4,2024,121,30,18,,,,True,1.8200774
,0,2,2,5,2024,122,1,18,,,,True,1.8200774
,0,3,2,5,2024,123,2,18,,,,True,1.8200774
,0,4,2,5,2024,124,3,18,,,,True,1.8200774
,0,5,2,5,2024,125,4,18,,,,True,1.8200774
,0,6,2,5,2024,126,5,18,,,,True,2.150623
,0,0,2,5,2024,127,6,19,,,,True,2.4154782
,0,1,2,5,2024,128,7,19,,,,True,2.423055
,0,2,2,5,2024,129,8,19,,,,True,2.423055
,0,3,2,5,2024,130,9,19,,,,True,2.423055
,0,4,2,5,2024,131,10,19,,,,True,2.2221441
,0,5,2,5,2024,132,11,19,,,,True,2.2221441
,0,6,2,5,2024,133,12,19,,,,True,2.1599097
,0,0,2,5,2024,134,13,20,,,,True,2.152333
,0,1,2,5,2024,135,14,20,,,,True,2.1599097
,0,2,2,5,2024,136,15,20,,,,True,2.1599097
,0,3,2,5,2024,137,16,20,,,,True,2.1599097
,0,4,2,5,2024,138,17,20,,,,True,1.7873266
,0,5,2,5,2024,139,18,20,,,,True,1.7873266
,0,6,2,5,2024,140,19,20,,,,True,1.7873266
,0,0,2,5,2024,141,20,21,,,,True,1.7797494
,0,1,2,5,2024,142,21,21,,,,True,1.7873266
,0,2,2,5,2024,143,22,21,,,,True,1.7873266
,0,3,2,5,2024,144,23,21,,,,True,1.7873266
,0,4,2,5,2024,145,24,21,,,,True,1.7873266
,0,5,2,5,2024,146,25,21,,,,True,1.7873266
,0,6,2,5,2024,147,26,21,,,,True,1.7873266
,0,0,2,5,2024,148,27,22,,,,True,1.7797494
,0,1,2,5,2024,149,28,22,,,,True,1.8849325
,0,2,2,5,2024,150,29,22,,,,True,1.8849325
,0,3,2,5,2024,151,30,22,,,,True,1.9063773
,0,4,2,5,2024,152,31,22,,,,True,2.6013658
,0,5,2,6,2024,153,1,22,,,,True,2.6013658
,0,6,2,6,2024,154,2,22,,,,True,2.6013658
,0,0,2,6,2024,155,3,23,,,,True,2.543436
,0,1,2,6,2024,156,4,23,,,,True,2.5812607
,0,2,2,6,2024,157,5,23,,,,True,2.5812607
,0,3,2,6,2024,158,6,23,,,,True,3.1821818
,0,4,2,6,2024,159,7,23,,,,True,3.1821818
,0,5,2,6,2024,160,8,23,,,,True,3.1821818
,0,6,2,6,2024,161,9,23,,,,True,3.1821818
,0,0,2,6,2024,162,10,24,,,,True,3.1746051
,0,1,2,6,2024,163,11,24,,,,True,3.1821818
,0,2,2,6,2024,164,12,24,,,,True,3.1821818
,0,3,2,6,2024,165,13,24,,,,True,3.3645263
,0,4,2,6,2024,166,14,24,,,,True,3.3645263
,0,5,2,6,2024,167,15,24,,,,True,3.3645263
,0,6,2,6,2024,168,16,24,,,,True,3.3645263
,0,0,2,6,2024,169,17,25,,,,True,3.3569496
,0,1,2,6,2024,170,18,25,,,,True,3.3645263
,0,2,2,6,2024,171,19,25,,,,True,3.3645263
,0,3,2,6,2024,172,20,25,,,,True,3.3645263
,0,4,2,6,2024,173,21,25,,,,True,3.3645263
,0,5,2,6,2024,174,22,25,,,,True,3.3645263
,0,6,2,6,2024,175,23,25,,,,True,3.3645263
,0,0,2,6,2024,176,24,26,,,,True,3.3569496
,0,1,2,6,2024,177,25,26,,,,True,3.3645263
,0,2,2,6,2024,178,26,26,,,,True,3.3645263
,0,3,2,6,2024,179,27,26,,,,True,3.3645263
,0,4,2,6,2024,180,28,26,,,,True,3.3645263
,0,5,2,6,2024,181,29,26,,,,True,3.3645263
,0,6,2,6,2024,182,30,26,,,,True,3.3645263
,0,0,3,7,2024,183,1,27,,,,True,3.1294017
,0,1,3,7,2024,184,2,27,,,,True,3.1369784
,0,2,3,7,2024,185,3,27,,,,True,3.1369784
,0,3,3,7,2024,186,4,27,,,,True,3.1369784
,0,4,3,7,2024,187,5,27,,,,True,3.2678926
,0,5,3,7,2024,188,6,27,,,,True,3.2678926
,0,6,3,7,2024,189,7,27,,,,True,3.2678926
,0,0,3,7,2024,190,8,28,,,,True,3.260316
,0,1,3,7,2024,191,9,28,,,,True,3.2678926
,0,2,3,7,2024,192,10,28,,,,True,3.2678926
,0,3,3,7,2024,193,11,28,,,,True,3.2678926
,0,4,3,7,2024,194,12,28,,,,True,3.2678926
,0,5,3,7,2024,195,13,28,,,,True,3.2678926
,0,6,3,7,2024,196,14,28,,,,True,3.2994976
,0,0,3,7,2024,197,15,29,,,,True,3.291921
,0,1,3,7,2024,198,16,29,,,,True,3.2994976
,0,2,3,7,2024,199,17,29,,,,True,3.2994976
,0,3,3,7,2024,200,18,29,,,,True,3.2994976
,0,4,3,7,2024,201,19,29,,,,True,3.2994976
,0,5,3,7,2024,202,20,29,,,,True,3.2994976
,0,6,3,7,2024,203,21,29,,,,True,3.2994976
,0,0,3,7,2024,204,22,30,,,,True,3.291921
,0,1,3,7,2024,205,23,30,,,,True,3.2994976
,0,2,3,7,2024,206,24,30,,,,True,3.2994976
,0,3,3,7,2024,207,25,30,,,,True,3.2994976
,0,4,3,7,2024,208,26,30,,,,True,3.2994976
,0,5,3,7,2024,209,27,30,,,,True,3.2994976
,0,6,3,7,2024,210,28,30,,,,True,3.2994976
,0,0,3,7,2024,211,29,31,,,,True,3.291921
,0,1,3,7,2024,212,30,31,,,,True,3.2994976
,0,2,3,7,2024,213,31,31,,,,True,3.2994976
,0,3,3,8,2024,214,1,31,,,,True,3.0835435
,0,4,3,8,2024,215,2,31,,,,True,3.0835435
,0,5,3,8,2024,216,3,31,,,,True,3.0835435
,0,6,3,8,2024,217,4,31,,,,True,3.0835435
,0,0,3,8,2024,218,5,32,,,,True,3.0759668
,0,1,3,8,2024,219,6,32,,,,True,3.1911204
,0,2,3,8,2024,220,7,32,,,,True,3.1911204
,0,3,3,8,2024,221,8,32,,,,True,3.1911204
,0,4,3,8,2024,222,9,32,,,,True,3.1911204
,0,5,3,8,2024,223,10,32,,,,True,3.1911204
,0,6,3,8,2024,224,11,32,,,,True,3.1911204
,0,0,3,8,2024,225,12,33,,,,True,3.1835437
,0,1,3,8,2024,226,13,33,,,,True,3.2972317
,0,2,3,8,2024,227,14,33,,,,True,3.2972317
,0,3,3,8,2024,228,15,33,,,,True,3.2972317
,0,4,3,8,2024,229,16,33,,,,True,3.2972317
,0,5,3,8,2024,230,17,33,,,,True,3.2972317
,0,6,3,8,2024,231,18,33,,,,True,3.2972317
,0,0,3,8,2024,232,19,34,,,,True,3.289655
,0,1,3,8,2024,233,20,34,,,,True,3.2972317
,0,2,3,8,2024,234,21,34,,,,True,3.2972317
,0,3,3,8,2024,235,22,34,,,,True,3.2972317
,0,4,3,8,2024,236,23,34,,,,True,3.2972317
,0,5,3,8,2024,237,24,34,,,,True,3.2972317
,0,6,3,8,2024,238,25,34,,,,True,3.2972317
,0,0,3,8,2024,239,26,35,,,,True,3.289655
,0,1,3,8,2024,240,27,35,,,,True,3.2972317
,0,2,3,8,2024,241,28,35,,,,True,3.2972317
,0,3,3,8,2024,242,29,35,,,,True,3.2972317
,0,4,3,8,2024,243,30,35,,,,True,3.2972317
,0,5,3,8,2024,244,31,35,,,,True,3.2972317
,0,6,3,9,2024,245,1,35,,,,True,2.8076007
,0,0,3,9,2024,246,2,36,,,,True,2.800024
,0,1,3,9,2024,247,3,36,,,,True,2.8076007
,0,2,3,9,2024,248,4,36,,,,True,2.8076007
,0,3,3,9,2024,249,5,36,,,,True,3.1445823
,0,4,3,9,2024,250,6,36,,,,True,3.1445823
,0,5,3,9,2024,251,7,36,,,,True,3.1445823
,0,6,3,9,2024,252,8,36,,,,True,3.1445823
,0,0,3,9,2024,253,9,37,,,,True,3.1370056
,0,1,3,9,2024,254,10,37,,,,True,3.1445823
,0,2,3,9,2024,255,11,37,,,,True,3.1445823
,0,3,3,9,2024,256,12,37,,,,True,3.1445823
,0,4,3,9,2024,257,13,37,,,,True,3.16869
,0,5,3,9,2024,258,14,37,,,,True,3.16869
,0,6,3,9,2024,259,15,37,,,,True,3.16869
,0,0,3,9,2024,260,16,38,,,,True,3.1611133
,0,1,3,9,2024,261,17,38,,,,True,3.16869
,0,2,3,9,2024,262,18,38,,,,True,3.16869
,0,3,3,9,2024,263,19,38,,,,True,3.16869
,0,4,3,9,2024,264,20,38,,,,True,3.16869
,0,5,3,9,2024,265,21,38,,,,True,3.16869
,0,6,3,9,2024,266,22,38,,,,True,3.16869
,0,0,3,9,2024,267,23,39,,,,True,3.1611133
,0,1,3,9,2024,268,24,39,,,,True,3.16869
,0,2,3,9,2024,269,25,39,,,,True,3.16869
,0,3,3,9,2024,270,26,39,,,,True,3.16869
,0,4,3,9,2024,271,27,39,,,,True,3.16869
,0,5,3,9,2024,272,28,39,,,,True,3.0793471
,0,6,3,9,2024,273,29,39,,,,True,3.0793471
,0,0,3,9,2024,274,30,40,,,,True,2.0193539
,0,1,4,10,2024,275,1,40,,,,True,2.0269306
,0,2,4,10,2024,276,2,40,,,,True,2.0269306
,0,3,4,10,2024,277,3,40,,,,True,2.0269306
,0,4,4,10,2024,278,4,40,,,,True,2.0269306
,0,5,4,10,2024,279,5,40,,,,True,2.5841827
,0,6,4,10,2024,280,6,40,,,,True,2.5841827
,0,0,4,10,2024,281,7,41,,,,True,2.576606
,0,1,4,10,2024,282,8,41,,,,True,2.5841827
,0,2,4,10,2024,283,9,41,,,,True,2.5841827
,0,3,4,10,2024,284,10,41,,,,True,2.5841827
,0,4,4,10,2024,285,11,41,,,,True,2.0394332
,0,5,4,10,2024,286,12,41,,,,True,2.0394332
,0,6,4,10,2024,287,13,41,,,,True,2.0394332
,0,0,4,10,2024,288,14,42,,,,True,2.0318565
,0,1,4,10,2024,289,15,42,,,,True,2.2537444
,0,2,4,10,2024,290,16,42,,,,True,2.2537444
,0,3,4,10,2024,291,17,42,,,,True,2.167025
,0,4,4,10,2024,292,18,42,,,,True,2.167025
,0,5,4,10,2024,293,19,42,,,,True,2.167025
,0,6,4,10,2024,294,20,42,,,,True,2.167025
,0,0,4,10,2024,295,21,43,,,,True,2.1594484
,0,1,4,10,2024,296,22,43,,,,True,2.1385572
,0,2,4,10,2024,297,23,43,,,,True,2.086581
,0,3,4,10,2024,298,24,43,,,,True,2.086581
,0,4,4,10,2024,299,25,43,,,,True,2.086581
,0,5,4,10,2024,300,26,43,,,,True,1.875639
,0,6,4,10,2024,301,27,43,,,,True,1.875639
,0,0,4,10,2024,302,28,44,,,,True,1.8680618
,0,1,4,10,2024,303,29,44,,,,True,1.875639
,0,2,4,10,2024,304,30,44,,,,True,1.875639
,0,3,4,10,2024,305,31,44,,,,True,1.875639
,0,4,4,11,2024,306,1,44,,,,True,1.9378543
,0,5,4,11,2024,307,2,44,,,,True,1.9378543
,0,6,4,11,2024,308,3,44,,,,True,1.9378543
,0,0,4,11,2024,309,4,45,,,,True,1.9302771
,0,1,4,11,2024,310,5,45,,,,True,2.5608187
,0,2,4,11,2024,311,6,45,,,,True,2.5608187
,0,3,4,11,2024,312,7,45,,,,True,2.5198898
,0,4,4,11,2024,313,8,45,,,,True,2.4794617
,0,5,4,11,2024,314,9,45,,,,True,2.3391507
,0,6,4,11,2024,315,10,45,,,,True,2.3391507
,0,0,4,11,2024,316,11,46,,,,True,1.4597735
,0,1,4,11,2024,317,12,46,,,,True,1.4250377
,0,2,4,11,2024,318,13,46,,,,True,1.4126685
,0,3,4,11,2024,319,14,46,,,,True,1.4126685
,0,4,4,11,2024,320,15,46,,,,True,1.4126685
,0,5,4,11,2024,321,16,46,,,,True,1.4126685
,0,6,4,11,2024,322,17,46,,,,True,1.4126685
,0,0,4,11,2024,323,18,47,,,,True,1.4174606
,0,1,4,11,2024,324,19,47,,,,True,1.4250377
,0,2,4,11,2024,325,20,47,,,,True,1.4126685
,0,3,4,11,2024,326,21,47,,,,True,1.4126685
,0,4,4,11,2024,327,22,47,,,,True,1.4126685
,0,5,4,11,2024,328,23,47,,,,True,1.4126685
,0,6,4,11,2024,329,24,47,,,,True,1.4126685
,0,0,4,11,2024,330,25,48,,,,True,1.4174606
,0,1,4,11,2024,331,26,48,,,,True,1.4250377
,0,2,4,11,2024,332,27,48,,,,True,1.4126685
,0,3,4,11,2024,333,28,48,,,,True,1.4126685
,0,4,4,11,2024,334,29,48,,,,True,1.6173825
,0,5,4,11,2024,335,30,48,,,,True,1.6173825
,0,6,4,12,2024,336,1,48,,,,True,1.8634351
,0,0,4,12,2024,337,2,49,,,,True,1.855858
,0,1,4,12,2024,338,3,49,,,,True,1.8634351
,0,2,4,12,2024,339,4,49,,,,True,1.8634351
,0,3,4,12,2024,340,5,49,,,,True,2.201133
,0,4,4,12,2024,341,6,49,,,,True,2.201133
,0,5,4,12,2024,342,7,49,,,,True,2.201133
,0,6,4,12,2024,343,8,49,,,,True,2.201133
,0,0,4,12,2024,344,9,50,,,,True,2.1935563
,0,1,4,12,2024,345,10,50,,,,True,2.0455103
,0,2,4,12,2024,346,11,50,,,,True,1.5939926
,0,3,4,12,2024,347,12,50,,,,True,1.5911105
,0,4,4,12,2024,348,13,50,,,,True,1.5616499
,0,5,4,12,2024,349,14,50,,,,True,1.5616499
,0,6,4,12,2024,350,15,50,,,,True,1.5616499
,0,0,4,12,2024,351,16,51,,,,True,1.5569549
,0,1,4,12,2024,352,17,51,,,,True,1.564532
,0,2,4,12,2024,353,18,51,,,,True,1.564532
,0,3,4,12,2024,354,19,51,,,,True,1.5616499
,0,4,4,12,2024,355,20,51,,,,True,1.5616499
,0,5,4,12,2024,356,21,51,,,,True,1.5616499
,0,6,4,12,2024,357,22,51,,,,True,1.5616499
,0,0,4,12,2024,358,23,52,,,,True,1.5569549
,0,1,4,12,2024,359,24,52,,,,True,1.564532
,0,2,4,12,2024,360,25,52,,,,True,1.564532
,0,3,4,12,2024,361,26,52,,,,True,1.5616499
,0,4,4,12,2024,362,27,52,,,,True,1.5616499
,0,5,4,12,2024,363,28,52,,,,True,1.5616499
,0,6,4,12,2024,364,29,52,,,,True,1.5616499
,0,0,4,12,2024,365,30,1,,,,True,1.5569549
,0,1,4,12,2024,366,31,1,,,,True,1.564532
,0,2,1,1,2025,1,1,1,,,,True,2.3229992
,0,3,1,1,2025,2,2,1,,,,True,1.9964352
,0,4,1,1,2025,3,3,1,,,,True,1.9964352
,0,5,1,1,2025,4,4,1,,,,True,1.9964352
,0,6,1,1,2025,5,5,1,,,,True,2.4090228
,0,0,1,1,2025,6,6,2,,,,True,3.0610213
,0,1,1,1,2025,7,7,2,,,,True,3.364338
,0,2,1,1,2025,8,8,2,,,,True,3.364338
,0,3,1,1,2025,9,9,2,,,,True,3.364338
,0,4,1,1,2025,10,10,2,,,,True,3.364338
,0,5,1,1,2025,11,11,2,,,,True,2.301349
,0,6,1,1,2025,12,12,2,,,,True,2.301349
,0,0,1,1,2025,13,13,3,,,,True,2.2560134
,0,1,1,1,2025,14,14,3,,,,True,2.354277
,0,2,1,1,2025,15,15,3,,,,True,2.354277
,0,3,1,1,2025,16,16,3,,,,True,2.299532
,0,4,1,1,2025,17,17,3,,,,True,2.299532
,0,5,1,1,2025,18,18,3,,,,True,2.185122
,0,6,1,1,2025,19,19,3,,,,True,2.185122
,0,0,1,1,2025,20,20,4,,,,True,2.1339705
,0,1,1,1,2025,21,21,4,,,,True,2.185122
,0,2,1,1,2025,22,22,4,,,,True,2.185122
,0,3,1,1,2025,23,23,4,,,,True,2.185122
,0,4,1,1,2025,24,24,4,,,,True,2.185122
,0,5,1,1,2025,25,25,4,,,,True,2.185122
,0,6,1,1,2025,26,26,4,,,,True,2.185122
,0,0,1,1,2025,27,27,5,,,,True,2.1339705
,0,1,1,1,2025,28,28,5,,,,True,2.185122
,0,2,1,1,2025,29,29,5,,,,True,2.185122
,0,3,1,1,2025,30,30,5,,,,True,2.185122
,0,4,1,1,2025,31,31,5,,,,True,2.185122
,0,5,1,2,2025,32,1,5,,,,True,2.185122
,0,6,1,2,2025,33,2,5,,,,True,2.185122
,0,0,1,2,2025,34,3,6,,,,True,2.1339705
,0,1,1,2,2025,35,4,6,,,,True,2.185122
,0,2,1,2,2025,36,5,6,,,,True,2.185122
,0,3,1,2,2025,37,6,6,,,,True,2.185122
,0,4,1,2,2025,38,7,6,,,,True,2.327237
,0,5,1,2,2025,39,8,6,,,,True,2.327237
,0,6,1,2,2025,40,9,6,,,,True,2.327237
,0,0,1,2,2025,41,10,7,,,,True,2.3034768
,0,1,1,2,2025,42,11,7,,,,True,1.8285221
,0,2,1,2,2025,43,12,7,,,,True,1.8285221
,0,3,1,2,2025,44,13,7,,,,True,1.8285221
,0,4,1,2,2025,45,14,7,,,,True,1.8285221
,0,5,1,2,2025,46,15,7,,,,True,1.8285221
,0,6,1,2,2025,47,16,7,,,,True,1.8345344
,0,0,1,2,2025,48,17,8,,,,True,1.8047614
,0,1,1,2,2025,49,18,8,,,,True,1.8285221
,0,2,1,2,2025,50,19,8,,,,True,1.7847855
,0,3,1,2,2025,51,20,8,,,,True,1.7847855
,0,4,1,2,2025,52,21,8,,,,True,1.7847855
,0,5,1,2,2025,53,22,8,,,,True,1.7847855
,0,6,1,2,2025,54,23,8,,,,True,1.7907978
,0,0,1,2,2025,55,24,9,,,,True,1.761025
,0,1,1,2,2025,56,25,9,,,,True,1.7847855
,0,2,1,2,2025,57,26,9,,,,True,1.7847855
,0,3,1,2,2025,58,27,9,,,,True,1.7847855
,0,4,1,2,2025,59,28,9,,,,True,1.8328999
,0,5,1,3,2025,60,1,9,,,,True,1.8328999
,0,6,1,3,2025,61,2,9,,,,True,1.8328999
,0,0,1,3,2025,62,3,10,,,,True,1.8253227
,0,1,1,3,2025,63,4,10,,,,True,1.8328999
,0,2,1,3,2025,64,5,10,,,,True,1.8328999
,0,3,1,3,2025,65,6,10,,,,True,1.8328999
,0,4,1,3,2025,66,7,10,,,,True,2.0320387
,0,5,1,3,2025,67,8,10,,,,True,2.0320387
,0,6,1,3,2025,68,9,10,,,,True,2.0320387
,0,0,1,3,2025,69,10,11,,,,True,2.0244617
,0,1,1,3,2025,70,11,11,,,,True,2.0320387
,0,2,1,3,2025,71,12,11,,,,True,1.766184
,0,3,1,3,2025,72,13,11,,,,True,1.766184
,0,4,1,3,2025,73,14,11,,,,True,1.766184
,0,5,1,3,2025,74,15,11,,,,True,1.766184
,0,6,1,3,2025,75,16,11,,,,True,1.766184
,0,0,1,3,2025,76,17,12,,,,True,1.7586068
,0,1,1,3,2025,77,18,12,,,,True,1.766184
,0,2,1,3,2025,78,19,12,,,,True,1.766184
,0,3,1,3,2025,79,20,12,,,,True,1.766184
,0,4,1,3,2025,80,21,12,,,,True,1.766184
,0,5,1,3,2025,81,22,12,,,,True,1.766184
,0,6,1,3,2025,82,23,12,,,,True,1.766184
,0,0,1,3,2025,83,24,13,,,,True,1.7586068
,0,1,1,3,2025,84,25,13,,,,True,1.766184
,0,2,1,3,2025,85,26,13,,,,True,1.7752877
,0,3,1,3,2025,86,27,13,,,,True,1.7752877
,0,4,1,3,2025,87,28,13,,,,True,1.7752877
,0,5,1,3,2025,88,29,13,,,,True,1.7752877
,0,6,1,3,2025,89,30,13,,,,True,1.7752877
,0,0,1,3,2025,90,31,14,,,,True,1.7677106
,0,1,2,4,2025,91,1,14,,,,True,1.7752877
,0,2,2,4,2025,92,2,14,,,,True,1.7848166
,0,3,2,4,2025,93,3,14,,,,True,1.7848166
,0,4,2,4,2025,94,4,14,,,,True,1.7848166
,0,5,2,4,2025,95,5,14,,,,True,1.7848166
,0,6,2,4,2025,96,6,14,,,,True,2.188648
,0,0,2,4,2025,97,7,15,,,,True,2.1810713
,0,1,2,4,2025,98,8,15,,,,True,2.188648
,0,2,2,4,2025,99,9,15,,,,True,2.188648
,0,3,2,4,2025,100,10,15,,,,True,2.188648
,0,4,2,4,2025,101,11,15,,,,True,2.188648
,0,5,2,4,2025,102,12,15,,,,True,1.9006726
,0,6,2,4,2025,103,13,15,,,,True,1.9006726
,0,0,2,4,2025,104,14,16,,,,True,1.862884
,0,1,2,4,2025,105,15,16,,,,True,1.8704612
,0,2,2,4,2025,106,16,16,,,,True,1.8704612
,0,3,2,4,2025,107,17,16,,,,True,1.8704612
,0,4,2,4,2025,108,18,16,,,,True,1.8704612
,0,5,2,4,2025,109,19,16,,,,True,1.8704612
,0,6,2,4,2025,110,20,16,,,,True,1.8704612
,0,0,2,4,2025,111,21,17,,,,True,1.862884
,0,1,2,4,2025,112,22,17,,,,True,1.8200774
,0,2,2,4,2025,113,23,17,,,,True,1.8200774
,0,3,2,4,2025,114,24,17,,,,True,1.8200774
,0,4,2,4,2025,115,25,17,,,,True,1.8200774
,0,5,2,4,2025,116,26,17,,,,True,1.8200774
,0,6,2,4,2025,117,27,17,,,,True,1.8200774
,0,0,2,4,2025,118,28,18,,,,True,1.8125002
,0,1,2,4,2025,119,29,18,,,,True,1.8200774
,0,2,2,4,2025,120,30,18,,,,True,1.8200774
,0,3,2,5,2025,121,1,18,,,,True,1.8200774
,0,4,2,5,2025,122,2,18,,,,True,1.8200774
,0,5,2,5,2025,123,3,18,,,,True,1.8200774
,0,6,2,5,2025,124,4,18,,,,True,1.8200774
,0,0,2,5,2025,125,5,19,,,,True,1.8125002
